output_id,output
00576224_0,|0000111000|0001111100|0011111100|0111111100|0111111100|0011111000|0001110000|0000110000|0001100000|0001000000| |0000111000|0001111100|0011111100|0111111100|0111111100|0011111000|0001110000|0000110000|0001100000|0001000000|
009d5c81_0,|0000111000|0001111100|0011111100|0111111100|0111111100|0011111000|0001110000|0000110000|0001100000|0001000000| |0000111000|0001111100|0011111100|0111111100|0111111100|0011111000|0001110000|0000110000|0001100000|0001000000|
00dbd492_0,|0000111000|0001111100|0011111100|0111111100|0111111100|0011111000|0001110000|0000110000|0001100000|0001000000| |0000111000|0001111100|0011111100|0111111100|0111111100|0011111000|0001110000|0000110000|0001100000|0001000000|
03560426_0,|0000111000|0001111100|0011111100|0111111100|0111111100|0011111000|0001110000|0000110000|0001100000|0001000000| |0000111000|0001111100|0011111100|0111111100|0111111100|0011111000|0001110000|0000110000|0001100000|0001000000|
05a7bcf2_0,|0000111000|0001111100|0011111100|0111111100|0111111100|0011111000|0001110000|0000110000|0001100000|0001000000| |0000111000|0001111100|0011111100|0111111100|0111111100|0011111000|0001110000|0000110000|0001100000|0001000000|
0607ce86_0,|0000111000|0001111100|0011111100|0111111100|0111111100|0011111000|0001110000|0000110000|0001100000|0001000000| |0000111000|0001111100|0011111100|0111111100|0111111100|0011111000|0001110000|0000110000|0001100000|0001000000|
0692e18c_0,|0000111000|0001111100|0011111100|0111111100|0111111100|0011111000|0001110000|0000110000|0001100000|0001000000| |0000111000|0001111100|0011111100|0111111100|0111111100|0011111000|0001110000|0000110000|0001100000|0001000000|
070dd51e_0,|0000111000|0001111100|0011111100|0111111100|0111111100|0011111000|0001110000|0000110000|0001100000|0001000000| |0000111000|0001111100|0011111100|0111111100|0111111100|0011111000|0001110000|0000110000|0001100000|0001000000|
08573cc6_0,|0000111000|0001111100|0011111100|0111111100|0111111100|0011111000|0001110000|0000110000|0001100000|0001000000| |0000111000|0001111100|0011111100|0111111100|0111111100|0011111000|0001110000|0000110000|0001100000|0001000000|
0934a4d8_0,|0000111000|0001111100|0011111100|0111111100|0111111100|0011111000|0001110000|0000110000|0001100000|0001000000| |0000111000|0001111100|0011111100|0111111100|0111111100|0011111000|0001110000|0000110000|0001100000|0001000000|
09c534e7_0,|0000111000|0001111100|0011111100|0111111100|0111111100|0011111000|0001110000|0000110000|0001100000|0001000000| |0000111000|0001111100|0011111100|0111111100|0111111100|0011111000|0001110000|0000110000|0001100000|0001000000|
0a1d4ef5_0,|0000111000|0001111100|0011111100|0111111100|0111111100|0011111000|0001110000|0000110000|0001100000|0001000000| |0000111000|0001111100|0011111100|0111111100|0111111100|0011111000|0001110000|0000110000|0001100000|0001000000|
0a2355a6_0,|0000111000|0001111100|0011111100|0111111100|0111111100|0011111000|0001110000|0000110000|0001100000|0001000000| |0000111000|0001111100|0011111100|0111111100|0111111100|0011111000|0001110000|0000110000|0001100000|0001000000|
0b17323b_0,|0000111000|0001111100|0011111100|0111111100|0111111100|0011111000|0001110000|0000110000|0001100000|0001000000| |0000111000|0001111100|0011111100|0111111100|0111111100|0011111000|0001110000|0000110000|0001100000|0001000000|
0bb8deee_0,|0000111000|0001111100|0011111100|0111111100|0111111100|0011111000|0001110000|0000110000|0001100000|0001000000| |0000111000|0001111100|0011111100|0111111100|0111111100|0011111000|0001110000|0000110000|0001100000|0001000000|
0becf7df_0,|0000111000|0001111100|0011111100|0111111100|0111111100|0011111000|0001110000|0000110000|0001100000|0001000000| |0000111000|0001111100|0011111100|0111111100|0111111100|0011111000|0001110000|0000110000|0001100000|0001000000|
0c786b71_0,|0000111000|0001111100|0011111100|0111111100|0111111100|0011111000|0001110000|0000110000|0001100000|0001000000| |0000111000|0001111100|0011111100|0111111100|0111111100|0011111000|0001110000|0000110000|0001100000|0001000000|
0c9aba6e_0,|0000111000|0001111100|0011111100|0111111100|0111111100|0011111000|0001110000|0000110000|0001100000|0001000000| |0000111000|0001111100|0011111100|0111111100|0111111100|0011111000|0001110000|0000110000|0001100000|0001000000|
0d87d2a6_0,|0000111000|0001111100|0011111100|0111111100|0111111100|0011111000|0001110000|0000110000|0001100000|0001000000| |0000111000|0001111100|0011111100|0111111100|0111111100|0011111000|0001110000|0000110000|0001100000|0001000000|
0e671a1a_0,|0000111000|0001111100|0011111100|0111111100|0111111100|0011111000|0001110000|0000110000|0001100000|0001000000| |0000111000|0001111100|0011111100|0111111100|0111111100|0011111000|0001110000|0000110000|0001100000|0001000000|
0f63c0b9_0,|0000111000|0001111100|0011111100|0111111100|0111111100|0011111000|0001110000|0000110000|0001100000|0001000000| |0000111000|0001111100|0011111100|0111111100|0111111100|0011111000|0001110000|0000110000|0001100000|0001000000|
103eff5b_0,|0000111000|0001111100|0011111100|0111111100|0111111100|0011111000|0001110000|0000110000|0001100000|0001000000| |0000111000|0001111100|0011111100|0111111100|0111111100|0011111000|0001110000|0000110000|0001100000|0001000000|
11e1fe23_0,|0000111000|0001111100|0011111100|0111111100|0111111100|0011111000|0001110000|0000110000|0001100000|0001000000| |0000111000|0001111100|0011111100|0111111100|0111111100|0011111000|0001110000|0000110000|0001100000|0001000000|
12422b43_0,|0000111000|0001111100|0011111100|0111111100|0111111100|0011111000|0001110000|0000110000|0001100000|0001000000| |0000111000|0001111100|0011111100|0111111100|0111111100|0011111000|0001110000|0000110000|0001100000|0001000000|
12997ef3_0,|0000111000|0001111100|0011111100|0111111100|0111111100|0011111000|0001110000|0000110000|0001100000|0001000000| |0000111000|0001111100|0011111100|0111111100|0111111100|0011111000|0001110000|0000110000|0001100000|0001000000|
12997ef3_1,|0000111000|0001111100|0011111100|0111111100|0111111100|0011111000|0001110000|0000110000|0001100000|0001000000| |0000111000|0001111100|0011111100|0111111100|0111111100|0011111000|0001110000|0000110000|0001100000|0001000000|
12eac192_0,|0000111000|0001111100|0011111100|0111111100|0111111100|0011111000|0001110000|0000110000|0001100000|0001000000| |0000111000|0001111100|0011111100|0111111100|0111111100|0011111000|0001110000|0000110000|0001100000|0001000000|
136b0064_0,|0000111000|0001111100|0011111100|0111111100|0111111100|0011111000|0001110000|0000110000|0001100000|0001000000| |0000111000|0001111100|0011111100|0111111100|0111111100|0011111000|0001110000|0000110000|0001100000|0001000000|
13713586_0,|0000111000|0001111100|0011111100|0111111100|0111111100|0011111000|0001110000|0000110000|0001100000|0001000000| |0000111000|0001111100|0011111100|0111111100|0111111100|0011111000|0001110000|0000110000|0001100000|0001000000|
137f0df0_0,|0000111000|0001111100|0011111100|0111111100|0111111100|0011111000|0001110000|0000110000|0001100000|0001000000| |0000111000|0001111100|0011111100|0111111100|0111111100|0011111000|0001110000|0000110000|0001100000|0001000000|
140c817e_0,|0000111000|0001111100|0011111100|0111111100|0111111100|0011111000|0001110000|0000110000|0001100000|0001000000| |0000111000|0001111100|0011111100|0111111100|0111111100|0011111000|0001110000|0000110000|0001100000|0001000000|
14754a24_0,|0000111000|0001111100|0011111100|0111111100|0111111100|0011111000|0001110000|0000110000|0001100000|0001000000| |0000111000|0001111100|0011111100|0111111100|0111111100|0011111000|0001110000|0000110000|0001100000|0001000000|
15113be4_0,|0000111000|0001111100|0011111100|0111111100|0111111100|0011111000|0001110000|0000110000|0001100000|0001000000| |0000111000|0001111100|0011111100|0111111100|0111111100|0011111000|0001110000|0000110000|0001100000|0001000000|
15663ba9_0,|0000111000|0001111100|0011111100|0111111100|0111111100|0011111000|0001110000|0000110000|0001100000|0001000000| |0000111000|0001111100|0011111100|0111111100|0111111100|0011111000|0001110000|0000110000|0001100000|0001000000|
15696249_0,|0000111000|0001111100|0011111100|0111111100|0111111100|0011111000|0001110000|0000110000|0001100000|0001000000| |0000111000|0001111100|0011111100|0111111100|0111111100|0011111000|0001110000|0000110000|0001100000|0001000000|
16b78196_0,|0000111000|0001111100|0011111100|0111111100|0111111100|0011111000|0001110000|0000110000|0001100000|0001000000| |0000111000|0001111100|0011111100|0111111100|0111111100|0011111000|0001110000|0000110000|0001100000|0001000000|
17b80ad2_0,|0000111000|0001111100|0011111100|0111111100|0111111100|0011111000|0001110000|0000110000|0001100000|0001000000| |0000111000|0001111100|0011111100|0111111100|0111111100|0011111000|0001110000|0000110000|0001100000|0001000000|
17cae0c1_0,|0000111000|0001111100|0011111100|0111111100|0111111100|0011111000|0001110000|0000110000|0001100000|0001000000| |0000111000|0001111100|0011111100|0111111100|0111111100|0011111000|0001110000|0000110000|0001100000|0001000000|
18419cfa_0,|0000111000|0001111100|0011111100|0111111100|0111111100|0011111000|0001110000|0000110000|0001100000|0001000000| |0000111000|0001111100|0011111100|0111111100|0111111100|0011111000|0001110000|0000110000|0001100000|0001000000|
184a9768_0,|0000111000|0001111100|0011111100|0111111100|0111111100|0011111000|0001110000|0000110000|0001100000|0001000000| |0000111000|0001111100|0011111100|0111111100|0111111100|0011111000|0001110000|0000110000|0001100000|0001000000|
195ba7dc_0,|0000111000|0001111100|0011111100|0111111100|0111111100|0011111000|0001110000|0000110000|0001100000|0001000000| |0000111000|0001111100|0011111100|0111111100|0111111100|0011111000|0001110000|0000110000|0001100000|0001000000|
1990f7a8_0,|0000111000|0001111100|0011111100|0111111100|0111111100|0011111000|0001110000|0000110000|0001100000|0001000000| |0000111000|0001111100|0011111100|0111111100|0111111100|0011111000|0001110000|0000110000|0001100000|0001000000|
19bb5feb_0,|0000111000|0001111100|0011111100|0111111100|0111111100|0011111000|0001110000|0000110000|0001100000|0001000000| |0000111000|0001111100|0011111100|0111111100|0111111100|0011111000|0001110000|0000110000|0001100000|0001000000|
1a2e2828_0,|0000111000|0001111100|0011111100|0111111100|0111111100|0011111000|0001110000|0000110000|0001100000|0001000000| |0000111000|0001111100|0011111100|0111111100|0111111100|0011111000|0001110000|0000110000|0001100000|0001000000|
1a6449f1_0,|0000111000|0001111100|0011111100|0111111100|0111111100|0011111000|0001110000|0000110000|0001100000|0001000000| |0000111000|0001111100|0011111100|0111111100|0111111100|0011111000|0001110000|0000110000|0001100000|0001000000|
1acc24af_0,|0000111000|0001111100|0011111100|0111111100|0111111100|0011111000|0001110000|0000110000|0001100000|0001000000| |0000111000|0001111100|0011111100|0111111100|0111111100|0011111000|0001110000|0000110000|0001100000|0001000000|
1c02dbbe_0,|0000111000|0001111100|0011111100|0111111100|0111111100|0011111000|0001110000|0000110000|0001100000|0001000000| |0000111000|0001111100|0011111100|0111111100|0111111100|0011111000|0001110000|0000110000|0001100000|0001000000|
1c0d0a4b_0,|0000111000|0001111100|0011111100|0111111100|0111111100|0011111000|0001110000|0000110000|0001100000|0001000000| |0000111000|0001111100|0011111100|0111111100|0111111100|0011111000|0001110000|0000110000|0001100000|0001000000|
1c56ad9f_0,|0000111000|0001111100|0011111100|0111111100|0111111100|0011111000|0001110000|0000110000|0001100000|0001000000| |0000111000|0001111100|0011111100|0111111100|0111111100|0011111000|0001110000|0000110000|0001100000|0001000000|
1d0a4b61_0,|0000111000|0001111100|0011111100|0111111100|0111111100|0011111000|0001110000|0000110000|0001100000|0001000000| |0000111000|0001111100|0011111100|0111111100|0111111100|0011111000|0001110000|0000110000|0001100000|0001000000|
1d398264_0,|0000111000|0001111100|0011111100|0111111100|0111111100|0011111000|0001110000|0000110000|0001100000|0001000000| |0000111000|0001111100|0011111100|0111111100|0111111100|0011111000|0001110000|0000110000|0001100000|0001000000|
1d398264_1,|0000111000|0001111100|0011111100|0111111100|0111111100|0011111000|0001110000|0000110000|0001100000|0001000000| |0000111000|0001111100|0011111100|0111111100|0111111100|0011111000|0001110000|0000110000|0001100000|0001000000|
1da012fc_0,|0000111000|0001111100|0011111100|0111111100|0111111100|0011111000|0001110000|0000110000|0001100000|0001000000| |0000111000|0001111100|0011111100|0111111100|0111111100|0011111000|0001110000|0000110000|0001100000|0001000000|
1e81d6f9_0,|0000111000|0001111100|0011111100|0111111100|0111111100|0011111000|0001110000|0000110000|0001100000|0001000000| |0000111000|0001111100|0011111100|0111111100|0111111100|0011111000|0001110000|0000110000|0001100000|0001000000|
1e97544e_0,|0000111000|0001111100|0011111100|0111111100|0111111100|0011111000|0001110000|0000110000|0001100000|0001000000| |0000111000|0001111100|0011111100|0111111100|0111111100|0011111000|0001110000|0000110000|0001100000|0001000000|
2037f2c7_0,|0000111000|0001111100|0011111100|0111111100|0111111100|0011111000|0001110000|0000110000|0001100000|0001000000| |0000111000|0001111100|0011111100|0111111100|0111111100|0011111000|0001110000|0000110000|0001100000|0001000000|
2072aba6_0,|0000111000|0001111100|0011111100|0111111100|0111111100|0011111000|0001110000|0000110000|0001100000|0001000000| |0000111000|0001111100|0011111100|0111111100|0111111100|0011111000|0001110000|0000110000|0001100000|0001000000|
20818e16_0,|0000111000|0001111100|0011111100|0111111100|0111111100|0011111000|0001110000|0000110000|0001100000|0001000000| |0000111000|0001111100|0011111100|0111111100|0111111100|0011111000|0001110000|0000110000|0001100000|0001000000|
20981f0e_0,|0000111000|0001111100|0011111100|0111111100|0111111100|0011111000|0001110000|0000110000|0001100000|0001000000| |0000111000|0001111100|0011111100|0111111100|0111111100|0011111000|0001110000|0000110000|0001100000|0001000000|
212895b5_0,|0000111000|0001111100|0011111100|0111111100|0111111100|0011111000|0001110000|0000110000|0001100000|0001000000| |0000111000|0001111100|0011111100|0111111100|0111111100|0011111000|0001110000|0000110000|0001100000|0001000000|
21f83797_0,|0000111000|0001111100|0011111100|0111111100|0111111100|0011111000|0001110000|0000110000|0001100000|0001000000| |0000111000|0001111100|0011111100|0111111100|0111111100|0011111000|0001110000|0000110000|0001100000|0001000000|
22a4bbc2_0,|0000111000|0001111100|0011111100|0111111100|0111111100|0011111000|0001110000|0000110000|0001100000|0001000000| |0000111000|0001111100|0011111100|0111111100|0111111100|0011111000|0001110000|0000110000|0001100000|0001000000|
25094a63_0,|0000111000|0001111100|0011111100|0111111100|0111111100|0011111000|0001110000|0000110000|0001100000|0001000000| |0000111000|0001111100|0011111100|0111111100|0111111100|0011111000|0001110000|0000110000|0001100000|0001000000|
2546ccf6_0,|0000111000|0001111100|0011111100|0111111100|0111111100|0011111000|0001110000|0000110000|0001100000|0001000000| |0000111000|0001111100|0011111100|0111111100|0111111100|0011111000|0001110000|0000110000|0001100000|0001000000|
256b0a75_0,|0000111000|0001111100|0011111100|0111111100|0111111100|0011111000|0001110000|0000110000|0001100000|0001000000| |0000111000|0001111100|0011111100|0111111100|0111111100|0011111000|0001110000|0000110000|0001100000|0001000000|
2685904e_0,|0000111000|0001111100|0011111100|0111111100|0111111100|0011111000|0001110000|0000110000|0001100000|0001000000| |0000111000|0001111100|0011111100|0111111100|0111111100|0011111000|0001110000|0000110000|0001100000|0001000000|
2697da3f_0,|0000111000|0001111100|0011111100|0111111100|0111111100|0011111000|0001110000|0000110000|0001100000|0001000000| |0000111000|0001111100|0011111100|0111111100|0111111100|0011111000|0001110000|0000110000|0001100000|0001000000|
2753e76c_0,|0000111000|0001111100|0011111100|0111111100|0111111100|0011111000|0001110000|0000110000|0001100000|0001000000| |0000111000|0001111100|0011111100|0111111100|0111111100|0011111000|0001110000|0000110000|0001100000|0001000000|
27a77e38_0,|0000111000|0001111100|0011111100|0111111100|0111111100|0011111000|0001110000|0000110000|0001100000|0001000000| |0000111000|0001111100|0011111100|0111111100|0111111100|0011111000|0001110000|0000110000|0001100000|0001000000|
27f8ce4f_0,|0000111000|0001111100|0011111100|0111111100|0111111100|0011111000|0001110000|0000110000|0001100000|0001000000| |0000111000|0001111100|0011111100|0111111100|0111111100|0011111000|0001110000|0000110000|0001100000|0001000000|
281123b4_0,|0000111000|0001111100|0011111100|0111111100|0111111100|0011111000|0001110000|0000110000|0001100000|0001000000| |0000111000|0001111100|0011111100|0111111100|0111111100|0011111000|0001110000|0000110000|0001100000|0001000000|
292dd178_0,|0000111000|0001111100|0011111100|0111111100|0111111100|0011111000|0001110000|0000110000|0001100000|0001000000| |0000111000|0001111100|0011111100|0111111100|0111111100|0011111000|0001110000|0000110000|0001100000|0001000000|
29700607_0,|0000111000|0001111100|0011111100|0111111100|0111111100|0011111000|0001110000|0000110000|0001100000|0001000000| |0000111000|0001111100|0011111100|0111111100|0111111100|0011111000|0001110000|0000110000|0001100000|0001000000|
2a5f8217_0,|0000111000|0001111100|0011111100|0111111100|0111111100|0011111000|0001110000|0000110000|0001100000|0001000000| |0000111000|0001111100|0011111100|0111111100|0111111100|0011111000|0001110000|0000110000|0001100000|0001000000|
2b01abd0_0,|0000111000|0001111100|0011111100|0111111100|0111111100|0011111000|0001110000|0000110000|0001100000|0001000000| |0000111000|0001111100|0011111100|0111111100|0111111100|0011111000|0001110000|0000110000|0001100000|0001000000|
2c0b0aff_0,|0000111000|0001111100|0011111100|0111111100|0111111100|0011111000|0001110000|0000110000|0001100000|0001000000| |0000111000|0001111100|0011111100|0111111100|0111111100|0011111000|0001110000|0000110000|0001100000|0001000000|
2c737e39_0,|0000111000|0001111100|0011111100|0111111100|0111111100|0011111000|0001110000|0000110000|0001100000|0001000000| |0000111000|0001111100|0011111100|0111111100|0111111100|0011111000|0001110000|0000110000|0001100000|0001000000|
2f0c5170_0,|0000111000|0001111100|0011111100|0111111100|0111111100|0011111000|0001110000|0000110000|0001100000|0001000000| |0000111000|0001111100|0011111100|0111111100|0111111100|0011111000|0001110000|0000110000|0001100000|0001000000|
310f3251_0,|0000111000|0001111100|0011111100|0111111100|0111111100|0011111000|0001110000|0000110000|0001100000|0001000000| |0000111000|0001111100|0011111100|0111111100|0111111100|0011111000|0001110000|0000110000|0001100000|0001000000|
3194b014_0,|0000111000|0001111100|0011111100|0111111100|0111111100|0011111000|0001110000|0000110000|0001100000|0001000000| |0000111000|0001111100|0011111100|0111111100|0111111100|0011111000|0001110000|0000110000|0001100000|0001000000|
319f2597_0,|0000111000|0001111100|0011111100|0111111100|0111111100|0011111000|0001110000|0000110000|0001100000|0001000000| |0000111000|0001111100|0011111100|0111111100|0111111100|0011111000|0001110000|0000110000|0001100000|0001000000|
31adaf00_0,|0000111000|0001111100|0011111100|0111111100|0111111100|0011111000|0001110000|0000110000|0001100000|0001000000| |0000111000|0001111100|0011111100|0111111100|0111111100|0011111000|0001110000|0000110000|0001100000|0001000000|
31d5ba1a_0,|0000111000|0001111100|0011111100|0111111100|0111111100|0011111000|0001110000|0000110000|0001100000|0001000000| |0000111000|0001111100|0011111100|0111111100|0111111100|0011111000|0001110000|0000110000|0001100000|0001000000|
31d5ba1a_1,|0000111000|0001111100|0011111100|0111111100|0111111100|0011111000|0001110000|0000110000|0001100000|0001000000| |0000111000|0001111100|0011111100|0111111100|0111111100|0011111000|0001110000|0000110000|0001100000|0001000000|
32e9702f_0,|0000111000|0001111100|0011111100|0111111100|0111111100|0011111000|0001110000|0000110000|0001100000|0001000000| |0000111000|0001111100|0011111100|0111111100|0111111100|0011111000|0001110000|0000110000|0001100000|0001000000|
332efdb3_0,|0000111000|0001111100|0011111100|0111111100|0111111100|0011111000|0001110000|0000110000|0001100000|0001000000| |0000111000|0001111100|0011111100|0111111100|0111111100|0011111000|0001110000|0000110000|0001100000|0001000000|
3391f8c0_0,|0000111000|0001111100|0011111100|0111111100|0111111100|0011111000|0001110000|0000110000|0001100000|0001000000| |0000111000|0001111100|0011111100|0111111100|0111111100|0011111000|0001110000|0000110000|0001100000|0001000000|
33b52de3_0,|0000111000|0001111100|0011111100|0111111100|0111111100|0011111000|0001110000|0000110000|0001100000|0001000000| |0000111000|0001111100|0011111100|0111111100|0111111100|0011111000|0001110000|0000110000|0001100000|0001000000|
3490cc26_0,|0000111000|0001111100|0011111100|0111111100|0111111100|0011111000|0001110000|0000110000|0001100000|0001000000| |0000111000|0001111100|0011111100|0111111100|0111111100|0011111000|0001110000|0000110000|0001100000|0001000000|
34b99a2b_0,|0000111000|0001111100|0011111100|0111111100|0111111100|0011111000|0001110000|0000110000|0001100000|0001000000| |0000111000|0001111100|0011111100|0111111100|0111111100|0011111000|0001110000|0000110000|0001100000|0001000000|
351d6448_0,|0000111000|0001111100|0011111100|0111111100|0111111100|0011111000|0001110000|0000110000|0001100000|0001000000| |0000111000|0001111100|0011111100|0111111100|0111111100|0011111000|0001110000|0000110000|0001100000|0001000000|
358ba94e_0,|0000111000|0001111100|0011111100|0111111100|0111111100|0011111000|0001110000|0000110000|0001100000|0001000000| |0000111000|0001111100|0011111100|0111111100|0111111100|0011111000|0001110000|0000110000|0001100000|0001000000|
37d3e8b2_0,|0000111000|0001111100|0011111100|0111111100|0111111100|0011111000|0001110000|0000110000|0001100000|0001000000| |0000111000|0001111100|0011111100|0111111100|0111111100|0011111000|0001110000|0000110000|0001100000|0001000000|
3979b1a8_0,|0000111000|0001111100|0011111100|0111111100|0111111100|0011111000|0001110000|0000110000|0001100000|0001000000| |0000111000|0001111100|0011111100|0111111100|0111111100|0011111000|0001110000|0000110000|0001100000|0001000000|
3a301edc_0,|0000111000|0001111100|0011111100|0111111100|0111111100|0011111000|0001110000|0000110000|0001100000|0001000000| |0000111000|0001111100|0011111100|0111111100|0111111100|0011111000|0001110000|0000110000|0001100000|0001000000|
3b4c2228_0,|0000111000|0001111100|0011111100|0111111100|0111111100|0011111000|0001110000|0000110000|0001100000|0001000000| |0000111000|0001111100|0011111100|0111111100|0111111100|0011111000|0001110000|0000110000|0001100000|0001000000|
3b4c2228_1,|0000111000|0001111100|0011111100|0111111100|0111111100|0011111000|0001110000|0000110000|0001100000|0001000000| |0000111000|0001111100|0011111100|0111111100|0111111100|0011111000|0001110000|0000110000|0001100000|0001000000|
3d31c5b3_0,|0000111000|0001111100|0011111100|0111111100|0111111100|0011111000|0001110000|0000110000|0001100000|0001000000| |0000111000|0001111100|0011111100|0111111100|0111111100|0011111000|0001110000|0000110000|0001100000|0001000000|
3ed85e70_0,|0000111000|0001111100|0011111100|0111111100|0111111100|0011111000|0001110000|0000110000|0001100000|0001000000| |0000111000|0001111100|0011111100|0111111100|0111111100|0011111000|0001110000|0000110000|0001100000|0001000000|
3ee1011a_0,|0000111000|0001111100|0011111100|0111111100|0111111100|0011111000|0001110000|0000110000|0001100000|0001000000| |0000111000|0001111100|0011111100|0111111100|0111111100|0011111000|0001110000|0000110000|0001100000|0001000000|
3f23242b_0,|0000111000|0001111100|0011111100|0111111100|0111111100|0011111000|0001110000|0000110000|0001100000|0001000000| |0000111000|0001111100|0011111100|0111111100|0111111100|0011111000|0001110000|0000110000|0001100000|0001000000|
40f6cd08_0,|0000111000|0001111100|0011111100|0111111100|0111111100|0011111000|0001110000|0000110000|0001100000|0001000000| |0000111000|0001111100|0011111100|0111111100|0111111100|0011111000|0001110000|0000110000|0001100000|0001000000|
414297c0_0,|0000111000|0001111100|0011111100|0111111100|0111111100|0011111000|0001110000|0000110000|0001100000|0001000000| |0000111000|0001111100|0011111100|0111111100|0111111100|0011111000|0001110000|0000110000|0001100000|0001000000|
423a55dc_0,|0000111000|0001111100|0011111100|0111111100|0111111100|0011111000|0001110000|0000110000|0001100000|0001000000| |0000111000|0001111100|0011111100|0111111100|0111111100|0011111000|0001110000|0000110000|0001100000|0001000000|
42918530_0,|0000111000|0001111100|0011111100|0111111100|0111111100|0011111000|0001110000|0000110000|0001100000|0001000000| |0000111000|0001111100|0011111100|0111111100|0111111100|0011111000|0001110000|0000110000|0001100000|0001000000|
42a15761_0,|0000111000|0001111100|0011111100|0111111100|0111111100|0011111000|0001110000|0000110000|0001100000|0001000000| |0000111000|0001111100|0011111100|0111111100|0111111100|0011111000|0001110000|0000110000|0001100000|0001000000|
4364c1c4_0,|0000111000|0001111100|0011111100|0111111100|0111111100|0011111000|0001110000|0000110000|0001100000|0001000000| |0000111000|0001111100|0011111100|0111111100|0111111100|0011111000|0001110000|0000110000|0001100000|0001000000|
456873bc_0,|0000111000|0001111100|0011111100|0111111100|0111111100|0011111000|0001110000|0000110000|0001100000|0001000000| |0000111000|0001111100|0011111100|0111111100|0111111100|0011111000|0001110000|0000110000|0001100000|0001000000|
45737921_0,|0000111000|0001111100|0011111100|0111111100|0111111100|0011111000|0001110000|0000110000|0001100000|0001000000| |0000111000|0001111100|0011111100|0111111100|0111111100|0011111000|0001110000|0000110000|0001100000|0001000000|
45bbe264_0,|0000111000|0001111100|0011111100|0111111100|0111111100|0011111000|0001110000|0000110000|0001100000|0001000000| |0000111000|0001111100|0011111100|0111111100|0111111100|0011111000|0001110000|0000110000|0001100000|0001000000|
477d2879_0,|0000111000|0001111100|0011111100|0111111100|0111111100|0011111000|0001110000|0000110000|0001100000|0001000000| |0000111000|0001111100|0011111100|0111111100|0111111100|0011111000|0001110000|0000110000|0001100000|0001000000|
47996f11_0,|0000111000|0001111100|0011111100|0111111100|0111111100|0011111000|0001110000|0000110000|0001100000|0001000000| |0000111000|0001111100|0011111100|0111111100|0111111100|0011111000|0001110000|0000110000|0001100000|0001000000|
48131b3c_0,|0000111000|0001111100|0011111100|0111111100|0111111100|0011111000|0001110000|0000110000|0001100000|0001000000| |0000111000|0001111100|0011111100|0111111100|0111111100|0011111000|0001110000|0000110000|0001100000|0001000000|
4852f2fa_0,|0000111000|0001111100|0011111100|0111111100|0111111100|0011111000|0001110000|0000110000|0001100000|0001000000| |0000111000|0001111100|0011111100|0111111100|0111111100|0011111000|0001110000|0000110000|0001100000|0001000000|
4852f2fa_1,|0000111000|0001111100|0011111100|0111111100|0111111100|0011111000|0001110000|0000110000|0001100000|0001000000| |0000111000|0001111100|0011111100|0111111100|0111111100|0011111000|0001110000|0000110000|0001100000|0001000000|
48f8583b_0,|0000111000|0001111100|0011111100|0111111100|0111111100|0011111000|0001110000|0000110000|0001100000|0001000000| |0000111000|0001111100|0011111100|0111111100|0111111100|0011111000|0001110000|0000110000|0001100000|0001000000|
4aab4007_0,|0000111000|0001111100|0011111100|0111111100|0111111100|0011111000|0001110000|0000110000|0001100000|0001000000| |0000111000|0001111100|0011111100|0111111100|0111111100|0011111000|0001110000|0000110000|0001100000|0001000000|
4acc7107_0,|0000111000|0001111100|0011111100|0111111100|0111111100|0011111000|0001110000|0000110000|0001100000|0001000000| |0000111000|0001111100|0011111100|0111111100|0111111100|0011111000|0001110000|0000110000|0001100000|0001000000|
4b6b68e5_0,|0000111000|0001111100|0011111100|0111111100|0111111100|0011111000|0001110000|0000110000|0001100000|0001000000| |0000111000|0001111100|0011111100|0111111100|0111111100|0011111000|0001110000|0000110000|0001100000|0001000000|
4c177718_0,|0000111000|0001111100|0011111100|0111111100|0111111100|0011111000|0001110000|0000110000|0001100000|0001000000| |0000111000|0001111100|0011111100|0111111100|0111111100|0011111000|0001110000|0000110000|0001100000|0001000000|
4c177718_1,|0000111000|0001111100|0011111100|0111111100|0111111100|0011111000|0001110000|0000110000|0001100000|0001000000| |0000111000|0001111100|0011111100|0111111100|0111111100|0011111000|0001110000|0000110000|0001100000|0001000000|
4cd1b7b2_0,|0000111000|0001111100|0011111100|0111111100|0111111100|0011111000|0001110000|0000110000|0001100000|0001000000| |0000111000|0001111100|0011111100|0111111100|0111111100|0011111000|0001110000|0000110000|0001100000|0001000000|
4e45f183_0,|0000111000|0001111100|0011111100|0111111100|0111111100|0011111000|0001110000|0000110000|0001100000|0001000000| |0000111000|0001111100|0011111100|0111111100|0111111100|0011111000|0001110000|0000110000|0001100000|0001000000|
4e469f39_0,|0000111000|0001111100|0011111100|0111111100|0111111100|0011111000|0001110000|0000110000|0001100000|0001000000| |0000111000|0001111100|0011111100|0111111100|0111111100|0011111000|0001110000|0000110000|0001100000|0001000000|
4f537728_0,|0000111000|0001111100|0011111100|0111111100|0111111100|0011111000|0001110000|0000110000|0001100000|0001000000| |0000111000|0001111100|0011111100|0111111100|0111111100|0011111000|0001110000|0000110000|0001100000|0001000000|
4ff4c9da_0,|0000111000|0001111100|0011111100|0111111100|0111111100|0011111000|0001110000|0000110000|0001100000|0001000000| |0000111000|0001111100|0011111100|0111111100|0111111100|0011111000|0001110000|0000110000|0001100000|0001000000|
505fff84_0,|0000111000|0001111100|0011111100|0111111100|0111111100|0011111000|0001110000|0000110000|0001100000|0001000000| |0000111000|0001111100|0011111100|0111111100|0111111100|0011111000|0001110000|0000110000|0001100000|0001000000|
506d28a5_0,|0000111000|0001111100|0011111100|0111111100|0111111100|0011111000|0001110000|0000110000|0001100000|0001000000| |0000111000|0001111100|0011111100|0111111100|0111111100|0011111000|0001110000|0000110000|0001100000|0001000000|
50a16a69_0,|0000111000|0001111100|0011111100|0111111100|0111111100|0011111000|0001110000|0000110000|0001100000|0001000000| |0000111000|0001111100|0011111100|0111111100|0111111100|0011111000|0001110000|0000110000|0001100000|0001000000|
50aad11f_0,|0000111000|0001111100|0011111100|0111111100|0111111100|0011111000|0001110000|0000110000|0001100000|0001000000| |0000111000|0001111100|0011111100|0111111100|0111111100|0011111000|0001110000|0000110000|0001100000|0001000000|
50f325b5_0,|0000111000|0001111100|0011111100|0111111100|0111111100|0011111000|0001110000|0000110000|0001100000|0001000000| |0000111000|0001111100|0011111100|0111111100|0111111100|0011111000|0001110000|0000110000|0001100000|0001000000|
516b51b7_0,|0000111000|0001111100|0011111100|0111111100|0111111100|0011111000|0001110000|0000110000|0001100000|0001000000| |0000111000|0001111100|0011111100|0111111100|0111111100|0011111000|0001110000|0000110000|0001100000|0001000000|
5207a7b5_0,|0000111000|0001111100|0011111100|0111111100|0111111100|0011111000|0001110000|0000110000|0001100000|0001000000| |0000111000|0001111100|0011111100|0111111100|0111111100|0011111000|0001110000|0000110000|0001100000|0001000000|
5289ad53_0,|0000111000|0001111100|0011111100|0111111100|0111111100|0011111000|0001110000|0000110000|0001100000|0001000000| |0000111000|0001111100|0011111100|0111111100|0111111100|0011111000|0001110000|0000110000|0001100000|0001000000|
52fd389e_0,|0000111000|0001111100|0011111100|0111111100|0111111100|0011111000|0001110000|0000110000|0001100000|0001000000| |0000111000|0001111100|0011111100|0111111100|0111111100|0011111000|0001110000|0000110000|0001100000|0001000000|
54db823b_0,|0000111000|0001111100|0011111100|0111111100|0111111100|0011111000|0001110000|0000110000|0001100000|0001000000| |0000111000|0001111100|0011111100|0111111100|0111111100|0011111000|0001110000|0000110000|0001100000|0001000000|
55059096_0,|0000111000|0001111100|0011111100|0111111100|0111111100|0011111000|0001110000|0000110000|0001100000|0001000000| |0000111000|0001111100|0011111100|0111111100|0111111100|0011111000|0001110000|0000110000|0001100000|0001000000|
551d5bf1_0,|0000111000|0001111100|0011111100|0111111100|0111111100|0011111000|0001110000|0000110000|0001100000|0001000000| |0000111000|0001111100|0011111100|0111111100|0111111100|0011111000|0001110000|0000110000|0001100000|0001000000|
55783887_0,|0000111000|0001111100|0011111100|0111111100|0111111100|0011111000|0001110000|0000110000|0001100000|0001000000| |0000111000|0001111100|0011111100|0111111100|0111111100|0011111000|0001110000|0000110000|0001100000|0001000000|
575b1a71_0,|0000111000|0001111100|0011111100|0111111100|0111111100|0011111000|0001110000|0000110000|0001100000|0001000000| |0000111000|0001111100|0011111100|0111111100|0111111100|0011111000|0001110000|0000110000|0001100000|0001000000|
5783df64_0,|0000111000|0001111100|0011111100|0111111100|0111111100|0011111000|0001110000|0000110000|0001100000|0001000000| |0000111000|0001111100|0011111100|0111111100|0111111100|0011111000|0001110000|0000110000|0001100000|0001000000|
5833af48_0,|0000111000|0001111100|0011111100|0111111100|0111111100|0011111000|0001110000|0000110000|0001100000|0001000000| |0000111000|0001111100|0011111100|0111111100|0111111100|0011111000|0001110000|0000110000|0001100000|0001000000|
58743b76_0,|0000111000|0001111100|0011111100|0111111100|0111111100|0011111000|0001110000|0000110000|0001100000|0001000000| |0000111000|0001111100|0011111100|0111111100|0111111100|0011111000|0001110000|0000110000|0001100000|0001000000|
58e15b12_0,|0000111000|0001111100|0011111100|0111111100|0111111100|0011111000|0001110000|0000110000|0001100000|0001000000| |0000111000|0001111100|0011111100|0111111100|0111111100|0011111000|0001110000|0000110000|0001100000|0001000000|
59341089_0,|0000111000|0001111100|0011111100|0111111100|0111111100|0011111000|0001110000|0000110000|0001100000|0001000000| |0000111000|0001111100|0011111100|0111111100|0111111100|0011111000|0001110000|0000110000|0001100000|0001000000|
5a5a2103_0,|0000111000|0001111100|0011111100|0111111100|0111111100|0011111000|0001110000|0000110000|0001100000|0001000000| |0000111000|0001111100|0011111100|0111111100|0111111100|0011111000|0001110000|0000110000|0001100000|0001000000|
5af49b42_0,|0000111000|0001111100|0011111100|0111111100|0111111100|0011111000|0001110000|0000110000|0001100000|0001000000| |0000111000|0001111100|0011111100|0111111100|0111111100|0011111000|0001110000|0000110000|0001100000|0001000000|
5b526a93_0,|0000111000|0001111100|0011111100|0111111100|0111111100|0011111000|0001110000|0000110000|0001100000|0001000000| |0000111000|0001111100|0011111100|0111111100|0111111100|0011111000|0001110000|0000110000|0001100000|0001000000|
5b692c0f_0,|0000111000|0001111100|0011111100|0111111100|0111111100|0011111000|0001110000|0000110000|0001100000|0001000000| |0000111000|0001111100|0011111100|0111111100|0111111100|0011111000|0001110000|0000110000|0001100000|0001000000|
5b6cbef5_0,|0000111000|0001111100|0011111100|0111111100|0111111100|0011111000|0001110000|0000110000|0001100000|0001000000| |0000111000|0001111100|0011111100|0111111100|0111111100|0011111000|0001110000|0000110000|0001100000|0001000000|
5d2a5c43_0,|0000111000|0001111100|0011111100|0111111100|0111111100|0011111000|0001110000|0000110000|0001100000|0001000000| |0000111000|0001111100|0011111100|0111111100|0111111100|0011111000|0001110000|0000110000|0001100000|0001000000|
5d2a5c43_1,|0000111000|0001111100|0011111100|0111111100|0111111100|0011111000|0001110000|0000110000|0001100000|0001000000| |0000111000|0001111100|0011111100|0111111100|0111111100|0011111000|0001110000|0000110000|0001100000|0001000000|
5ffb2104_0,|0000111000|0001111100|0011111100|0111111100|0111111100|0011111000|0001110000|0000110000|0001100000|0001000000| |0000111000|0001111100|0011111100|0111111100|0111111100|0011111000|0001110000|0000110000|0001100000|0001000000|
604001fa_0,|0000111000|0001111100|0011111100|0111111100|0111111100|0011111000|0001110000|0000110000|0001100000|0001000000| |0000111000|0001111100|0011111100|0111111100|0111111100|0011111000|0001110000|0000110000|0001100000|0001000000|
60a26a3e_0,|0000111000|0001111100|0011111100|0111111100|0111111100|0011111000|0001110000|0000110000|0001100000|0001000000| |0000111000|0001111100|0011111100|0111111100|0111111100|0011111000|0001110000|0000110000|0001100000|0001000000|
60c09cac_0,|0000111000|0001111100|0011111100|0111111100|0111111100|0011111000|0001110000|0000110000|0001100000|0001000000| |0000111000|0001111100|0011111100|0111111100|0111111100|0011111000|0001110000|0000110000|0001100000|0001000000|
626c0bcc_0,|0000111000|0001111100|0011111100|0111111100|0111111100|0011111000|0001110000|0000110000|0001100000|0001000000| |0000111000|0001111100|0011111100|0111111100|0111111100|0011111000|0001110000|0000110000|0001100000|0001000000|
62ab2642_0,|0000111000|0001111100|0011111100|0111111100|0111111100|0011111000|0001110000|0000110000|0001100000|0001000000| |0000111000|0001111100|0011111100|0111111100|0111111100|0011111000|0001110000|0000110000|0001100000|0001000000|
62b74c02_0,|0000111000|0001111100|0011111100|0111111100|0111111100|0011111000|0001110000|0000110000|0001100000|0001000000| |0000111000|0001111100|0011111100|0111111100|0111111100|0011111000|0001110000|0000110000|0001100000|0001000000|
639f5a19_0,|0000111000|0001111100|0011111100|0111111100|0111111100|0011111000|0001110000|0000110000|0001100000|0001000000| |0000111000|0001111100|0011111100|0111111100|0111111100|0011111000|0001110000|0000110000|0001100000|0001000000|
642248e4_0,|0000111000|0001111100|0011111100|0111111100|0111111100|0011111000|0001110000|0000110000|0001100000|0001000000| |0000111000|0001111100|0011111100|0111111100|0111111100|0011111000|0001110000|0000110000|0001100000|0001000000|
642d658d_0,|0000111000|0001111100|0011111100|0111111100|0111111100|0011111000|0001110000|0000110000|0001100000|0001000000| |0000111000|0001111100|0011111100|0111111100|0111111100|0011111000|0001110000|0000110000|0001100000|0001000000|
64a7c07e_0,|0000111000|0001111100|0011111100|0111111100|0111111100|0011111000|0001110000|0000110000|0001100000|0001000000| |0000111000|0001111100|0011111100|0111111100|0111111100|0011111000|0001110000|0000110000|0001100000|0001000000|
66e6c45b_0,|0000111000|0001111100|0011111100|0111111100|0111111100|0011111000|0001110000|0000110000|0001100000|0001000000| |0000111000|0001111100|0011111100|0111111100|0111111100|0011111000|0001110000|0000110000|0001100000|0001000000|
66f2d22f_0,|0000111000|0001111100|0011111100|0111111100|0111111100|0011111000|0001110000|0000110000|0001100000|0001000000| |0000111000|0001111100|0011111100|0111111100|0111111100|0011111000|0001110000|0000110000|0001100000|0001000000|
67636eac_0,|0000111000|0001111100|0011111100|0111111100|0111111100|0011111000|0001110000|0000110000|0001100000|0001000000| |0000111000|0001111100|0011111100|0111111100|0111111100|0011111000|0001110000|0000110000|0001100000|0001000000|
67b4a34d_0,|0000111000|0001111100|0011111100|0111111100|0111111100|0011111000|0001110000|0000110000|0001100000|0001000000| |0000111000|0001111100|0011111100|0111111100|0111111100|0011111000|0001110000|0000110000|0001100000|0001000000|
67c52801_0,|0000111000|0001111100|0011111100|0111111100|0111111100|0011111000|0001110000|0000110000|0001100000|0001000000| |0000111000|0001111100|0011111100|0111111100|0111111100|0011111000|0001110000|0000110000|0001100000|0001000000|
68b67ca3_0,|0000111000|0001111100|0011111100|0111111100|0111111100|0011111000|0001110000|0000110000|0001100000|0001000000| |0000111000|0001111100|0011111100|0111111100|0111111100|0011111000|0001110000|0000110000|0001100000|0001000000|
692cd3b6_0,|0000111000|0001111100|0011111100|0111111100|0111111100|0011111000|0001110000|0000110000|0001100000|0001000000| |0000111000|0001111100|0011111100|0111111100|0111111100|0011111000|0001110000|0000110000|0001100000|0001000000|
695367ec_0,|0000111000|0001111100|0011111100|0111111100|0111111100|0011111000|0001110000|0000110000|0001100000|0001000000| |0000111000|0001111100|0011111100|0111111100|0111111100|0011111000|0001110000|0000110000|0001100000|0001000000|
696d4842_0,|0000111000|0001111100|0011111100|0111111100|0111111100|0011111000|0001110000|0000110000|0001100000|0001000000| |0000111000|0001111100|0011111100|0111111100|0111111100|0011111000|0001110000|0000110000|0001100000|0001000000|
69889d6e_0,|0000111000|0001111100|0011111100|0111111100|0111111100|0011111000|0001110000|0000110000|0001100000|0001000000| |0000111000|0001111100|0011111100|0111111100|0111111100|0011111000|0001110000|0000110000|0001100000|0001000000|
6a11f6da_0,|0000111000|0001111100|0011111100|0111111100|0111111100|0011111000|0001110000|0000110000|0001100000|0001000000| |0000111000|0001111100|0011111100|0111111100|0111111100|0011111000|0001110000|0000110000|0001100000|0001000000|
6ad5bdfd_0,|0000111000|0001111100|0011111100|0111111100|0111111100|0011111000|0001110000|0000110000|0001100000|0001000000| |0000111000|0001111100|0011111100|0111111100|0111111100|0011111000|0001110000|0000110000|0001100000|0001000000|
6df30ad6_0,|0000111000|0001111100|0011111100|0111111100|0111111100|0011111000|0001110000|0000110000|0001100000|0001000000| |0000111000|0001111100|0011111100|0111111100|0111111100|0011111000|0001110000|0000110000|0001100000|0001000000|
6ea4a07e_0,|0000111000|0001111100|0011111100|0111111100|0111111100|0011111000|0001110000|0000110000|0001100000|0001000000| |0000111000|0001111100|0011111100|0111111100|0111111100|0011111000|0001110000|0000110000|0001100000|0001000000|
6ea4a07e_1,|0000111000|0001111100|0011111100|0111111100|0111111100|0011111000|0001110000|0000110000|0001100000|0001000000| |0000111000|0001111100|0011111100|0111111100|0111111100|0011111000|0001110000|0000110000|0001100000|0001000000|
6f473927_0,|0000111000|0001111100|0011111100|0111111100|0111111100|0011111000|0001110000|0000110000|0001100000|0001000000| |0000111000|0001111100|0011111100|0111111100|0111111100|0011111000|0001110000|0000110000|0001100000|0001000000|
7039b2d7_0,|0000111000|0001111100|0011111100|0111111100|0111111100|0011111000|0001110000|0000110000|0001100000|0001000000| |0000111000|0001111100|0011111100|0111111100|0111111100|0011111000|0001110000|0000110000|0001100000|0001000000|
705a3229_0,|0000111000|0001111100|0011111100|0111111100|0111111100|0011111000|0001110000|0000110000|0001100000|0001000000| |0000111000|0001111100|0011111100|0111111100|0111111100|0011111000|0001110000|0000110000|0001100000|0001000000|
712bf12e_0,|0000111000|0001111100|0011111100|0111111100|0111111100|0011111000|0001110000|0000110000|0001100000|0001000000| |0000111000|0001111100|0011111100|0111111100|0111111100|0011111000|0001110000|0000110000|0001100000|0001000000|
72207abc_0,|0000111000|0001111100|0011111100|0111111100|0111111100|0011111000|0001110000|0000110000|0001100000|0001000000| |0000111000|0001111100|0011111100|0111111100|0111111100|0011111000|0001110000|0000110000|0001100000|0001000000|
72a961c9_0,|0000111000|0001111100|0011111100|0111111100|0111111100|0011111000|0001110000|0000110000|0001100000|0001000000| |0000111000|0001111100|0011111100|0111111100|0111111100|0011111000|0001110000|0000110000|0001100000|0001000000|
73182012_0,|0000111000|0001111100|0011111100|0111111100|0111111100|0011111000|0001110000|0000110000|0001100000|0001000000| |0000111000|0001111100|0011111100|0111111100|0111111100|0011111000|0001110000|0000110000|0001100000|0001000000|
73c3b0d8_0,|0000111000|0001111100|0011111100|0111111100|0111111100|0011111000|0001110000|0000110000|0001100000|0001000000| |0000111000|0001111100|0011111100|0111111100|0111111100|0011111000|0001110000|0000110000|0001100000|0001000000|
73ccf9c2_0,|0000111000|0001111100|0011111100|0111111100|0111111100|0011111000|0001110000|0000110000|0001100000|0001000000| |0000111000|0001111100|0011111100|0111111100|0111111100|0011111000|0001110000|0000110000|0001100000|0001000000|
759f3fd3_0,|0000111000|0001111100|0011111100|0111111100|0111111100|0011111000|0001110000|0000110000|0001100000|0001000000| |0000111000|0001111100|0011111100|0111111100|0111111100|0011111000|0001110000|0000110000|0001100000|0001000000|
762cd429_0,|0000111000|0001111100|0011111100|0111111100|0111111100|0011111000|0001110000|0000110000|0001100000|0001000000| |0000111000|0001111100|0011111100|0111111100|0111111100|0011111000|0001110000|0000110000|0001100000|0001000000|
770cc55f_0,|0000111000|0001111100|0011111100|0111111100|0111111100|0011111000|0001110000|0000110000|0001100000|0001000000| |0000111000|0001111100|0011111100|0111111100|0111111100|0011111000|0001110000|0000110000|0001100000|0001000000|
782b5218_0,|0000111000|0001111100|0011111100|0111111100|0111111100|0011111000|0001110000|0000110000|0001100000|0001000000| |0000111000|0001111100|0011111100|0111111100|0111111100|0011111000|0001110000|0000110000|0001100000|0001000000|
79369cc6_0,|0000111000|0001111100|0011111100|0111111100|0111111100|0011111000|0001110000|0000110000|0001100000|0001000000| |0000111000|0001111100|0011111100|0111111100|0111111100|0011111000|0001110000|0000110000|0001100000|0001000000|
7953d61e_0,|0000111000|0001111100|0011111100|0111111100|0111111100|0011111000|0001110000|0000110000|0001100000|0001000000| |0000111000|0001111100|0011111100|0111111100|0111111100|0011111000|0001110000|0000110000|0001100000|0001000000|
79fb03f4_0,|0000111000|0001111100|0011111100|0111111100|0111111100|0011111000|0001110000|0000110000|0001100000|0001000000| |0000111000|0001111100|0011111100|0111111100|0111111100|0011111000|0001110000|0000110000|0001100000|0001000000|
7bb29440_0,|0000111000|0001111100|0011111100|0111111100|0111111100|0011111000|0001110000|0000110000|0001100000|0001000000| |0000111000|0001111100|0011111100|0111111100|0111111100|0011111000|0001110000|0000110000|0001100000|0001000000|
7c8af763_0,|0000111000|0001111100|0011111100|0111111100|0111111100|0011111000|0001110000|0000110000|0001100000|0001000000| |0000111000|0001111100|0011111100|0111111100|0111111100|0011111000|0001110000|0000110000|0001100000|0001000000|
7c9b52a0_0,|0000111000|0001111100|0011111100|0111111100|0111111100|0011111000|0001110000|0000110000|0001100000|0001000000| |0000111000|0001111100|0011111100|0111111100|0111111100|0011111000|0001110000|0000110000|0001100000|0001000000|
7d18a6fb_0,|0000111000|0001111100|0011111100|0111111100|0111111100|0011111000|0001110000|0000110000|0001100000|0001000000| |0000111000|0001111100|0011111100|0111111100|0111111100|0011111000|0001110000|0000110000|0001100000|0001000000|
7d1f7ee8_0,|0000111000|0001111100|0011111100|0111111100|0111111100|0011111000|0001110000|0000110000|0001100000|0001000000| |0000111000|0001111100|0011111100|0111111100|0111111100|0011111000|0001110000|0000110000|0001100000|0001000000|
7d419a02_0,|0000111000|0001111100|0011111100|0111111100|0111111100|0011111000|0001110000|0000110000|0001100000|0001000000| |0000111000|0001111100|0011111100|0111111100|0111111100|0011111000|0001110000|0000110000|0001100000|0001000000|
7e02026e_0,|0000111000|0001111100|0011111100|0111111100|0111111100|0011111000|0001110000|0000110000|0001100000|0001000000| |0000111000|0001111100|0011111100|0111111100|0111111100|0011111000|0001110000|0000110000|0001100000|0001000000|
7ee1c6ea_0,|0000111000|0001111100|0011111100|0111111100|0111111100|0011111000|0001110000|0000110000|0001100000|0001000000| |0000111000|0001111100|0011111100|0111111100|0111111100|0011111000|0001110000|0000110000|0001100000|0001000000|
817e6c09_0,|0000111000|0001111100|0011111100|0111111100|0111111100|0011111000|0001110000|0000110000|0001100000|0001000000| |0000111000|0001111100|0011111100|0111111100|0111111100|0011111000|0001110000|0000110000|0001100000|0001000000|
81c0276b_0,|0000111000|0001111100|0011111100|0111111100|0111111100|0011111000|0001110000|0000110000|0001100000|0001000000| |0000111000|0001111100|0011111100|0111111100|0111111100|0011111000|0001110000|0000110000|0001100000|0001000000|
833dafe3_0,|0000111000|0001111100|0011111100|0111111100|0111111100|0011111000|0001110000|0000110000|0001100000|0001000000| |0000111000|0001111100|0011111100|0111111100|0111111100|0011111000|0001110000|0000110000|0001100000|0001000000|
845d6e51_0,|0000111000|0001111100|0011111100|0111111100|0111111100|0011111000|0001110000|0000110000|0001100000|0001000000| |0000111000|0001111100|0011111100|0111111100|0111111100|0011111000|0001110000|0000110000|0001100000|0001000000|
84db8fc4_0,|0000111000|0001111100|0011111100|0111111100|0111111100|0011111000|0001110000|0000110000|0001100000|0001000000| |0000111000|0001111100|0011111100|0111111100|0111111100|0011111000|0001110000|0000110000|0001100000|0001000000|
84f2aca1_0,|0000111000|0001111100|0011111100|0111111100|0111111100|0011111000|0001110000|0000110000|0001100000|0001000000| |0000111000|0001111100|0011111100|0111111100|0111111100|0011111000|0001110000|0000110000|0001100000|0001000000|
8597cfd7_0,|0000111000|0001111100|0011111100|0111111100|0111111100|0011111000|0001110000|0000110000|0001100000|0001000000| |0000111000|0001111100|0011111100|0111111100|0111111100|0011111000|0001110000|0000110000|0001100000|0001000000|
85b81ff1_0,|0000111000|0001111100|0011111100|0111111100|0111111100|0011111000|0001110000|0000110000|0001100000|0001000000| |0000111000|0001111100|0011111100|0111111100|0111111100|0011111000|0001110000|0000110000|0001100000|0001000000|
85fa5666_0,|0000111000|0001111100|0011111100|0111111100|0111111100|0011111000|0001110000|0000110000|0001100000|0001000000| |0000111000|0001111100|0011111100|0111111100|0111111100|0011111000|0001110000|0000110000|0001100000|0001000000|
8719f442_0,|0000111000|0001111100|0011111100|0111111100|0111111100|0011111000|0001110000|0000110000|0001100000|0001000000| |0000111000|0001111100|0011111100|0111111100|0111111100|0011111000|0001110000|0000110000|0001100000|0001000000|
88207623_0,|0000111000|0001111100|0011111100|0111111100|0111111100|0011111000|0001110000|0000110000|0001100000|0001000000| |0000111000|0001111100|0011111100|0111111100|0111111100|0011111000|0001110000|0000110000|0001100000|0001000000|
891232d6_0,|0000111000|0001111100|0011111100|0111111100|0111111100|0011111000|0001110000|0000110000|0001100000|0001000000| |0000111000|0001111100|0011111100|0111111100|0111111100|0011111000|0001110000|0000110000|0001100000|0001000000|
896d5239_0,|0000111000|0001111100|0011111100|0111111100|0111111100|0011111000|0001110000|0000110000|0001100000|0001000000| |0000111000|0001111100|0011111100|0111111100|0111111100|0011111000|0001110000|0000110000|0001100000|0001000000|
8a371977_0,|0000111000|0001111100|0011111100|0111111100|0111111100|0011111000|0001110000|0000110000|0001100000|0001000000| |0000111000|0001111100|0011111100|0111111100|0111111100|0011111000|0001110000|0000110000|0001100000|0001000000|
8b28cd80_0,|0000111000|0001111100|0011111100|0111111100|0111111100|0011111000|0001110000|0000110000|0001100000|0001000000| |0000111000|0001111100|0011111100|0111111100|0111111100|0011111000|0001110000|0000110000|0001100000|0001000000|
8b28cd80_1,|0000111000|0001111100|0011111100|0111111100|0111111100|0011111000|0001110000|0000110000|0001100000|0001000000| |0000111000|0001111100|0011111100|0111111100|0111111100|0011111000|0001110000|0000110000|0001100000|0001000000|
8ba14f53_0,|0000111000|0001111100|0011111100|0111111100|0111111100|0011111000|0001110000|0000110000|0001100000|0001000000| |0000111000|0001111100|0011111100|0111111100|0111111100|0011111000|0001110000|0000110000|0001100000|0001000000|
8cb8642d_0,|0000111000|0001111100|0011111100|0111111100|0111111100|0011111000|0001110000|0000110000|0001100000|0001000000| |0000111000|0001111100|0011111100|0111111100|0111111100|0011111000|0001110000|0000110000|0001100000|0001000000|
8dae5dfc_0,|0000111000|0001111100|0011111100|0111111100|0111111100|0011111000|0001110000|0000110000|0001100000|0001000000| |0000111000|0001111100|0011111100|0111111100|0111111100|0011111000|0001110000|0000110000|0001100000|0001000000|
8e2edd66_0,|0000111000|0001111100|0011111100|0111111100|0111111100|0011111000|0001110000|0000110000|0001100000|0001000000| |0000111000|0001111100|0011111100|0111111100|0111111100|0011111000|0001110000|0000110000|0001100000|0001000000|
8ee62060_0,|0000111000|0001111100|0011111100|0111111100|0111111100|0011111000|0001110000|0000110000|0001100000|0001000000| |0000111000|0001111100|0011111100|0111111100|0111111100|0011111000|0001110000|0000110000|0001100000|0001000000|
8fbca751_0,|0000111000|0001111100|0011111100|0111111100|0111111100|0011111000|0001110000|0000110000|0001100000|0001000000| |0000111000|0001111100|0011111100|0111111100|0111111100|0011111000|0001110000|0000110000|0001100000|0001000000|
90347967_0,|0000111000|0001111100|0011111100|0111111100|0111111100|0011111000|0001110000|0000110000|0001100000|0001000000| |0000111000|0001111100|0011111100|0111111100|0111111100|0011111000|0001110000|0000110000|0001100000|0001000000|
903d1b4a_0,|0000111000|0001111100|0011111100|0111111100|0111111100|0011111000|0001110000|0000110000|0001100000|0001000000| |0000111000|0001111100|0011111100|0111111100|0111111100|0011111000|0001110000|0000110000|0001100000|0001000000|
9110e3c5_0,|0000111000|0001111100|0011111100|0111111100|0111111100|0011111000|0001110000|0000110000|0001100000|0001000000| |0000111000|0001111100|0011111100|0111111100|0111111100|0011111000|0001110000|0000110000|0001100000|0001000000|
9110e3c5_1,|0000111000|0001111100|0011111100|0111111100|0111111100|0011111000|0001110000|0000110000|0001100000|0001000000| |0000111000|0001111100|0011111100|0111111100|0111111100|0011111000|0001110000|0000110000|0001100000|0001000000|
917bccba_0,|0000111000|0001111100|0011111100|0111111100|0111111100|0011111000|0001110000|0000110000|0001100000|0001000000| |0000111000|0001111100|0011111100|0111111100|0111111100|0011111000|0001110000|0000110000|0001100000|0001000000|
929ab4e9_0,|0000111000|0001111100|0011111100|0111111100|0111111100|0011111000|0001110000|0000110000|0001100000|0001000000| |0000111000|0001111100|0011111100|0111111100|0111111100|0011111000|0001110000|0000110000|0001100000|0001000000|
92e50de0_0,|0000111000|0001111100|0011111100|0111111100|0111111100|0011111000|0001110000|0000110000|0001100000|0001000000| |0000111000|0001111100|0011111100|0111111100|0111111100|0011111000|0001110000|0000110000|0001100000|0001000000|
9356391f_0,|0000111000|0001111100|0011111100|0111111100|0111111100|0011111000|0001110000|0000110000|0001100000|0001000000| |0000111000|0001111100|0011111100|0111111100|0111111100|0011111000|0001110000|0000110000|0001100000|0001000000|
93b4f4b3_0,|0000111000|0001111100|0011111100|0111111100|0111111100|0011111000|0001110000|0000110000|0001100000|0001000000| |0000111000|0001111100|0011111100|0111111100|0111111100|0011111000|0001110000|0000110000|0001100000|0001000000|
93c31fbe_0,|0000111000|0001111100|0011111100|0111111100|0111111100|0011111000|0001110000|0000110000|0001100000|0001000000| |0000111000|0001111100|0011111100|0111111100|0111111100|0011111000|0001110000|0000110000|0001100000|0001000000|
94133066_0,|0000111000|0001111100|0011111100|0111111100|0111111100|0011111000|0001110000|0000110000|0001100000|0001000000| |0000111000|0001111100|0011111100|0111111100|0111111100|0011111000|0001110000|0000110000|0001100000|0001000000|
94414823_0,|0000111000|0001111100|0011111100|0111111100|0111111100|0011111000|0001110000|0000110000|0001100000|0001000000| |0000111000|0001111100|0011111100|0111111100|0111111100|0011111000|0001110000|0000110000|0001100000|0001000000|
94be5b80_0,|0000111000|0001111100|0011111100|0111111100|0111111100|0011111000|0001110000|0000110000|0001100000|0001000000| |0000111000|0001111100|0011111100|0111111100|0111111100|0011111000|0001110000|0000110000|0001100000|0001000000|
95a58926_0,|0000111000|0001111100|0011111100|0111111100|0111111100|0011111000|0001110000|0000110000|0001100000|0001000000| |0000111000|0001111100|0011111100|0111111100|0111111100|0011111000|0001110000|0000110000|0001100000|0001000000|
963f59bc_0,|0000111000|0001111100|0011111100|0111111100|0111111100|0011111000|0001110000|0000110000|0001100000|0001000000| |0000111000|0001111100|0011111100|0111111100|0111111100|0011111000|0001110000|0000110000|0001100000|0001000000|
96a8c0cd_0,|0000111000|0001111100|0011111100|0111111100|0111111100|0011111000|0001110000|0000110000|0001100000|0001000000| |0000111000|0001111100|0011111100|0111111100|0111111100|0011111000|0001110000|0000110000|0001100000|0001000000|
97239e3d_0,|0000111000|0001111100|0011111100|0111111100|0111111100|0011111000|0001110000|0000110000|0001100000|0001000000| |0000111000|0001111100|0011111100|0111111100|0111111100|0011111000|0001110000|0000110000|0001100000|0001000000|
9772c176_0,|0000111000|0001111100|0011111100|0111111100|0111111100|0011111000|0001110000|0000110000|0001100000|0001000000| |0000111000|0001111100|0011111100|0111111100|0111111100|0011111000|0001110000|0000110000|0001100000|0001000000|
981571dc_0,|0000111000|0001111100|0011111100|0111111100|0111111100|0011111000|0001110000|0000110000|0001100000|0001000000| |0000111000|0001111100|0011111100|0111111100|0111111100|0011111000|0001110000|0000110000|0001100000|0001000000|
992798f6_0,|0000111000|0001111100|0011111100|0111111100|0111111100|0011111000|0001110000|0000110000|0001100000|0001000000| |0000111000|0001111100|0011111100|0111111100|0111111100|0011111000|0001110000|0000110000|0001100000|0001000000|
99306f82_0,|0000111000|0001111100|0011111100|0111111100|0111111100|0011111000|0001110000|0000110000|0001100000|0001000000| |0000111000|0001111100|0011111100|0111111100|0111111100|0011111000|0001110000|0000110000|0001100000|0001000000|
9a4bb226_0,|0000111000|0001111100|0011111100|0111111100|0111111100|0011111000|0001110000|0000110000|0001100000|0001000000| |0000111000|0001111100|0011111100|0111111100|0111111100|0011111000|0001110000|0000110000|0001100000|0001000000|
9b2a60aa_0,|0000111000|0001111100|0011111100|0111111100|0111111100|0011111000|0001110000|0000110000|0001100000|0001000000| |0000111000|0001111100|0011111100|0111111100|0111111100|0011111000|0001110000|0000110000|0001100000|0001000000|
9b365c51_0,|0000111000|0001111100|0011111100|0111111100|0111111100|0011111000|0001110000|0000110000|0001100000|0001000000| |0000111000|0001111100|0011111100|0111111100|0111111100|0011111000|0001110000|0000110000|0001100000|0001000000|
9b4c17c4_0,|0000111000|0001111100|0011111100|0111111100|0111111100|0011111000|0001110000|0000110000|0001100000|0001000000| |0000111000|0001111100|0011111100|0111111100|0111111100|0011111000|0001110000|0000110000|0001100000|0001000000|
9b4c17c4_1,|0000111000|0001111100|0011111100|0111111100|0111111100|0011111000|0001110000|0000110000|0001100000|0001000000| |0000111000|0001111100|0011111100|0111111100|0111111100|0011111000|0001110000|0000110000|0001100000|0001000000|
9bebae7a_0,|0000111000|0001111100|0011111100|0111111100|0111111100|0011111000|0001110000|0000110000|0001100000|0001000000| |0000111000|0001111100|0011111100|0111111100|0111111100|0011111000|0001110000|0000110000|0001100000|0001000000|
9c1e755f_0,|0000111000|0001111100|0011111100|0111111100|0111111100|0011111000|0001110000|0000110000|0001100000|0001000000| |0000111000|0001111100|0011111100|0111111100|0111111100|0011111000|0001110000|0000110000|0001100000|0001000000|
9c56f360_0,|0000111000|0001111100|0011111100|0111111100|0111111100|0011111000|0001110000|0000110000|0001100000|0001000000| |0000111000|0001111100|0011111100|0111111100|0111111100|0011111000|0001110000|0000110000|0001100000|0001000000|
9caba7c3_0,|0000111000|0001111100|0011111100|0111111100|0111111100|0011111000|0001110000|0000110000|0001100000|0001000000| |0000111000|0001111100|0011111100|0111111100|0111111100|0011111000|0001110000|0000110000|0001100000|0001000000|
9ddd00f0_0,|0000111000|0001111100|0011111100|0111111100|0111111100|0011111000|0001110000|0000110000|0001100000|0001000000| |0000111000|0001111100|0011111100|0111111100|0111111100|0011111000|0001110000|0000110000|0001100000|0001000000|
9def23fe_0,|0000111000|0001111100|0011111100|0111111100|0111111100|0011111000|0001110000|0000110000|0001100000|0001000000| |0000111000|0001111100|0011111100|0111111100|0111111100|0011111000|0001110000|0000110000|0001100000|0001000000|
9f27f097_0,|0000111000|0001111100|0011111100|0111111100|0111111100|0011111000|0001110000|0000110000|0001100000|0001000000| |0000111000|0001111100|0011111100|0111111100|0111111100|0011111000|0001110000|0000110000|0001100000|0001000000|
a04b2602_0,|0000111000|0001111100|0011111100|0111111100|0111111100|0011111000|0001110000|0000110000|0001100000|0001000000| |0000111000|0001111100|0011111100|0111111100|0111111100|0011111000|0001110000|0000110000|0001100000|0001000000|
a096bf4d_0,|0000111000|0001111100|0011111100|0111111100|0111111100|0011111000|0001110000|0000110000|0001100000|0001000000| |0000111000|0001111100|0011111100|0111111100|0111111100|0011111000|0001110000|0000110000|0001100000|0001000000|
a3f84088_0,|0000111000|0001111100|0011111100|0111111100|0111111100|0011111000|0001110000|0000110000|0001100000|0001000000| |0000111000|0001111100|0011111100|0111111100|0111111100|0011111000|0001110000|0000110000|0001100000|0001000000|
a406ac07_0,|0000111000|0001111100|0011111100|0111111100|0111111100|0011111000|0001110000|0000110000|0001100000|0001000000| |0000111000|0001111100|0011111100|0111111100|0111111100|0011111000|0001110000|0000110000|0001100000|0001000000|
a57f2f04_0,|0000111000|0001111100|0011111100|0111111100|0111111100|0011111000|0001110000|0000110000|0001100000|0001000000| |0000111000|0001111100|0011111100|0111111100|0111111100|0011111000|0001110000|0000110000|0001100000|0001000000|
a59b95c0_0,|0000111000|0001111100|0011111100|0111111100|0111111100|0011111000|0001110000|0000110000|0001100000|0001000000| |0000111000|0001111100|0011111100|0111111100|0111111100|0011111000|0001110000|0000110000|0001100000|0001000000|
a680ac02_0,|0000111000|0001111100|0011111100|0111111100|0111111100|0011111000|0001110000|0000110000|0001100000|0001000000| |0000111000|0001111100|0011111100|0111111100|0111111100|0011111000|0001110000|0000110000|0001100000|0001000000|
a8610ef7_0,|0000111000|0001111100|0011111100|0111111100|0111111100|0011111000|0001110000|0000110000|0001100000|0001000000| |0000111000|0001111100|0011111100|0111111100|0111111100|0011111000|0001110000|0000110000|0001100000|0001000000|
a934301b_0,|0000111000|0001111100|0011111100|0111111100|0111111100|0011111000|0001110000|0000110000|0001100000|0001000000| |0000111000|0001111100|0011111100|0111111100|0111111100|0011111000|0001110000|0000110000|0001100000|0001000000|
aa18de87_0,|0000111000|0001111100|0011111100|0111111100|0111111100|0011111000|0001110000|0000110000|0001100000|0001000000| |0000111000|0001111100|0011111100|0111111100|0111111100|0011111000|0001110000|0000110000|0001100000|0001000000|
aa300dc3_0,|0000111000|0001111100|0011111100|0111111100|0111111100|0011111000|0001110000|0000110000|0001100000|0001000000| |0000111000|0001111100|0011111100|0111111100|0111111100|0011111000|0001110000|0000110000|0001100000|0001000000|
aa4ec2a5_0,|0000111000|0001111100|0011111100|0111111100|0111111100|0011111000|0001110000|0000110000|0001100000|0001000000| |0000111000|0001111100|0011111100|0111111100|0111111100|0011111000|0001110000|0000110000|0001100000|0001000000|
aab50785_0,|0000111000|0001111100|0011111100|0111111100|0111111100|0011111000|0001110000|0000110000|0001100000|0001000000| |0000111000|0001111100|0011111100|0111111100|0111111100|0011111000|0001110000|0000110000|0001100000|0001000000|
ac0c5833_0,|0000111000|0001111100|0011111100|0111111100|0111111100|0011111000|0001110000|0000110000|0001100000|0001000000| |0000111000|0001111100|0011111100|0111111100|0111111100|0011111000|0001110000|0000110000|0001100000|0001000000|
ac2e8ecf_0,|0000111000|0001111100|0011111100|0111111100|0111111100|0011111000|0001110000|0000110000|0001100000|0001000000| |0000111000|0001111100|0011111100|0111111100|0111111100|0011111000|0001110000|0000110000|0001100000|0001000000|
ac3e2b04_0,|0000111000|0001111100|0011111100|0111111100|0111111100|0011111000|0001110000|0000110000|0001100000|0001000000| |0000111000|0001111100|0011111100|0111111100|0111111100|0011111000|0001110000|0000110000|0001100000|0001000000|
ac605cbb_0,|0000111000|0001111100|0011111100|0111111100|0111111100|0011111000|0001110000|0000110000|0001100000|0001000000| |0000111000|0001111100|0011111100|0111111100|0111111100|0011111000|0001110000|0000110000|0001100000|0001000000|
ad7e01d0_0,|0000111000|0001111100|0011111100|0111111100|0111111100|0011111000|0001110000|0000110000|0001100000|0001000000| |0000111000|0001111100|0011111100|0111111100|0111111100|0011111000|0001110000|0000110000|0001100000|0001000000|
ae58858e_0,|0000111000|0001111100|0011111100|0111111100|0111111100|0011111000|0001110000|0000110000|0001100000|0001000000| |0000111000|0001111100|0011111100|0111111100|0111111100|0011111000|0001110000|0000110000|0001100000|0001000000|
aee291af_0,|0000111000|0001111100|0011111100|0111111100|0111111100|0011111000|0001110000|0000110000|0001100000|0001000000| |0000111000|0001111100|0011111100|0111111100|0111111100|0011111000|0001110000|0000110000|0001100000|0001000000|
af22c60d_0,|0000111000|0001111100|0011111100|0111111100|0111111100|0011111000|0001110000|0000110000|0001100000|0001000000| |0000111000|0001111100|0011111100|0111111100|0111111100|0011111000|0001110000|0000110000|0001100000|0001000000|
af24b4cc_0,|0000111000|0001111100|0011111100|0111111100|0111111100|0011111000|0001110000|0000110000|0001100000|0001000000| |0000111000|0001111100|0011111100|0111111100|0111111100|0011111000|0001110000|0000110000|0001100000|0001000000|
b0722778_0,|0000111000|0001111100|0011111100|0111111100|0111111100|0011111000|0001110000|0000110000|0001100000|0001000000| |0000111000|0001111100|0011111100|0111111100|0111111100|0011111000|0001110000|0000110000|0001100000|0001000000|
b0f4d537_0,|0000111000|0001111100|0011111100|0111111100|0111111100|0011111000|0001110000|0000110000|0001100000|0001000000| |0000111000|0001111100|0011111100|0111111100|0111111100|0011111000|0001110000|0000110000|0001100000|0001000000|
b15fca0b_0,|0000111000|0001111100|0011111100|0111111100|0111111100|0011111000|0001110000|0000110000|0001100000|0001000000| |0000111000|0001111100|0011111100|0111111100|0111111100|0011111000|0001110000|0000110000|0001100000|0001000000|
b1fc8b8e_0,|0000111000|0001111100|0011111100|0111111100|0111111100|0011111000|0001110000|0000110000|0001100000|0001000000| |0000111000|0001111100|0011111100|0111111100|0111111100|0011111000|0001110000|0000110000|0001100000|0001000000|
b1fc8b8e_1,|0000111000|0001111100|0011111100|0111111100|0111111100|0011111000|0001110000|0000110000|0001100000|0001000000| |0000111000|0001111100|0011111100|0111111100|0111111100|0011111000|0001110000|0000110000|0001100000|0001000000|
b20f7c8b_0,|0000111000|0001111100|0011111100|0111111100|0111111100|0011111000|0001110000|0000110000|0001100000|0001000000| |0000111000|0001111100|0011111100|0111111100|0111111100|0011111000|0001110000|0000110000|0001100000|0001000000|
b457fec5_0,|0000111000|0001111100|0011111100|0111111100|0111111100|0011111000|0001110000|0000110000|0001100000|0001000000| |0000111000|0001111100|0011111100|0111111100|0111111100|0011111000|0001110000|0000110000|0001100000|0001000000|
b4a43f3b_0,|0000111000|0001111100|0011111100|0111111100|0111111100|0011111000|0001110000|0000110000|0001100000|0001000000| |0000111000|0001111100|0011111100|0111111100|0111111100|0011111000|0001110000|0000110000|0001100000|0001000000|
b7999b51_0,|0000111000|0001111100|0011111100|0111111100|0111111100|0011111000|0001110000|0000110000|0001100000|0001000000| |0000111000|0001111100|0011111100|0111111100|0111111100|0011111000|0001110000|0000110000|0001100000|0001000000|
b7cb93ac_0,|0000111000|0001111100|0011111100|0111111100|0111111100|0011111000|0001110000|0000110000|0001100000|0001000000| |0000111000|0001111100|0011111100|0111111100|0111111100|0011111000|0001110000|0000110000|0001100000|0001000000|
b7f8a4d8_0,|0000111000|0001111100|0011111100|0111111100|0111111100|0011111000|0001110000|0000110000|0001100000|0001000000| |0000111000|0001111100|0011111100|0111111100|0111111100|0011111000|0001110000|0000110000|0001100000|0001000000|
b7fb29bc_0,|0000111000|0001111100|0011111100|0111111100|0111111100|0011111000|0001110000|0000110000|0001100000|0001000000| |0000111000|0001111100|0011111100|0111111100|0111111100|0011111000|0001110000|0000110000|0001100000|0001000000|
b942fd60_0,|0000111000|0001111100|0011111100|0111111100|0111111100|0011111000|0001110000|0000110000|0001100000|0001000000| |0000111000|0001111100|0011111100|0111111100|0111111100|0011111000|0001110000|0000110000|0001100000|0001000000|
b9630600_0,|0000111000|0001111100|0011111100|0111111100|0111111100|0011111000|0001110000|0000110000|0001100000|0001000000| |0000111000|0001111100|0011111100|0111111100|0111111100|0011111000|0001110000|0000110000|0001100000|0001000000|
ba9d41b8_0,|0000111000|0001111100|0011111100|0111111100|0111111100|0011111000|0001110000|0000110000|0001100000|0001000000| |0000111000|0001111100|0011111100|0111111100|0111111100|0011111000|0001110000|0000110000|0001100000|0001000000|
baf41dbf_0,|0000111000|0001111100|0011111100|0111111100|0111111100|0011111000|0001110000|0000110000|0001100000|0001000000| |0000111000|0001111100|0011111100|0111111100|0111111100|0011111000|0001110000|0000110000|0001100000|0001000000|
bb52a14b_0,|0000111000|0001111100|0011111100|0111111100|0111111100|0011111000|0001110000|0000110000|0001100000|0001000000| |0000111000|0001111100|0011111100|0111111100|0111111100|0011111000|0001110000|0000110000|0001100000|0001000000|
bbb1b8b6_0,|0000111000|0001111100|0011111100|0111111100|0111111100|0011111000|0001110000|0000110000|0001100000|0001000000| |0000111000|0001111100|0011111100|0111111100|0111111100|0011111000|0001110000|0000110000|0001100000|0001000000|
bbb1b8b6_1,|0000111000|0001111100|0011111100|0111111100|0111111100|0011111000|0001110000|0000110000|0001100000|0001000000| |0000111000|0001111100|0011111100|0111111100|0111111100|0011111000|0001110000|0000110000|0001100000|0001000000|
bc4146bd_0,|0000111000|0001111100|0011111100|0111111100|0111111100|0011111000|0001110000|0000110000|0001100000|0001000000| |0000111000|0001111100|0011111100|0111111100|0111111100|0011111000|0001110000|0000110000|0001100000|0001000000|
bcb3040b_0,|0000111000|0001111100|0011111100|0111111100|0111111100|0011111000|0001110000|0000110000|0001100000|0001000000| |0000111000|0001111100|0011111100|0111111100|0111111100|0011111000|0001110000|0000110000|0001100000|0001000000|
bd14c3bf_0,|0000111000|0001111100|0011111100|0111111100|0111111100|0011111000|0001110000|0000110000|0001100000|0001000000| |0000111000|0001111100|0011111100|0111111100|0111111100|0011111000|0001110000|0000110000|0001100000|0001000000|
be03b35f_0,|0000111000|0001111100|0011111100|0111111100|0111111100|0011111000|0001110000|0000110000|0001100000|0001000000| |0000111000|0001111100|0011111100|0111111100|0111111100|0011111000|0001110000|0000110000|0001100000|0001000000|
bf32578f_0,|0000111000|0001111100|0011111100|0111111100|0111111100|0011111000|0001110000|0000110000|0001100000|0001000000| |0000111000|0001111100|0011111100|0111111100|0111111100|0011111000|0001110000|0000110000|0001100000|0001000000|
bf699163_0,|0000111000|0001111100|0011111100|0111111100|0111111100|0011111000|0001110000|0000110000|0001100000|0001000000| |0000111000|0001111100|0011111100|0111111100|0111111100|0011111000|0001110000|0000110000|0001100000|0001000000|
bf89d739_0,|0000111000|0001111100|0011111100|0111111100|0111111100|0011111000|0001110000|0000110000|0001100000|0001000000| |0000111000|0001111100|0011111100|0111111100|0111111100|0011111000|0001110000|0000110000|0001100000|0001000000|
c074846d_0,|0000111000|0001111100|0011111100|0111111100|0111111100|0011111000|0001110000|0000110000|0001100000|0001000000| |0000111000|0001111100|0011111100|0111111100|0111111100|0011111000|0001110000|0000110000|0001100000|0001000000|
c074846d_1,|0000111000|0001111100|0011111100|0111111100|0111111100|0011111000|0001110000|0000110000|0001100000|0001000000| |0000111000|0001111100|0011111100|0111111100|0111111100|0011111000|0001110000|0000110000|0001100000|0001000000|
c1990cce_0,|0000111000|0001111100|0011111100|0111111100|0111111100|0011111000|0001110000|0000110000|0001100000|0001000000| |0000111000|0001111100|0011111100|0111111100|0111111100|0011111000|0001110000|0000110000|0001100000|0001000000|
c3202e5a_0,|0000111000|0001111100|0011111100|0111111100|0111111100|0011111000|0001110000|0000110000|0001100000|0001000000| |0000111000|0001111100|0011111100|0111111100|0111111100|0011111000|0001110000|0000110000|0001100000|0001000000|
c35c1b4c_0,|0000111000|0001111100|0011111100|0111111100|0111111100|0011111000|0001110000|0000110000|0001100000|0001000000| |0000111000|0001111100|0011111100|0111111100|0111111100|0011111000|0001110000|0000110000|0001100000|0001000000|
c48954c1_0,|0000111000|0001111100|0011111100|0111111100|0111111100|0011111000|0001110000|0000110000|0001100000|0001000000| |0000111000|0001111100|0011111100|0111111100|0111111100|0011111000|0001110000|0000110000|0001100000|0001000000|
c62e2108_0,|0000111000|0001111100|0011111100|0111111100|0111111100|0011111000|0001110000|0000110000|0001100000|0001000000| |0000111000|0001111100|0011111100|0111111100|0111111100|0011111000|0001110000|0000110000|0001100000|0001000000|
c64f1187_0,|0000111000|0001111100|0011111100|0111111100|0111111100|0011111000|0001110000|0000110000|0001100000|0001000000| |0000111000|0001111100|0011111100|0111111100|0111111100|0011111000|0001110000|0000110000|0001100000|0001000000|
c658a4bd_0,|0000111000|0001111100|0011111100|0111111100|0111111100|0011111000|0001110000|0000110000|0001100000|0001000000| |0000111000|0001111100|0011111100|0111111100|0111111100|0011111000|0001110000|0000110000|0001100000|0001000000|
c663677b_0,|0000111000|0001111100|0011111100|0111111100|0111111100|0011111000|0001110000|0000110000|0001100000|0001000000| |0000111000|0001111100|0011111100|0111111100|0111111100|0011111000|0001110000|0000110000|0001100000|0001000000|
c6e1b8da_0,|0000111000|0001111100|0011111100|0111111100|0111111100|0011111000|0001110000|0000110000|0001100000|0001000000| |0000111000|0001111100|0011111100|0111111100|0111111100|0011111000|0001110000|0000110000|0001100000|0001000000|
c7d4e6ad_0,|0000111000|0001111100|0011111100|0111111100|0111111100|0011111000|0001110000|0000110000|0001100000|0001000000| |0000111000|0001111100|0011111100|0111111100|0111111100|0011111000|0001110000|0000110000|0001100000|0001000000|
c87289bb_0,|0000111000|0001111100|0011111100|0111111100|0111111100|0011111000|0001110000|0000110000|0001100000|0001000000| |0000111000|0001111100|0011111100|0111111100|0111111100|0011111000|0001110000|0000110000|0001100000|0001000000|
c8b7cc0f_0,|0000111000|0001111100|0011111100|0111111100|0111111100|0011111000|0001110000|0000110000|0001100000|0001000000| |0000111000|0001111100|0011111100|0111111100|0111111100|0011111000|0001110000|0000110000|0001100000|0001000000|
c92b942c_0,|0000111000|0001111100|0011111100|0111111100|0111111100|0011111000|0001110000|0000110000|0001100000|0001000000| |0000111000|0001111100|0011111100|0111111100|0111111100|0011111000|0001110000|0000110000|0001100000|0001000000|
c97c0139_0,|0000111000|0001111100|0011111100|0111111100|0111111100|0011111000|0001110000|0000110000|0001100000|0001000000| |0000111000|0001111100|0011111100|0111111100|0111111100|0011111000|0001110000|0000110000|0001100000|0001000000|
ca8de6ea_0,|0000111000|0001111100|0011111100|0111111100|0111111100|0011111000|0001110000|0000110000|0001100000|0001000000| |0000111000|0001111100|0011111100|0111111100|0111111100|0011111000|0001110000|0000110000|0001100000|0001000000|
ca8f78db_0,|0000111000|0001111100|0011111100|0111111100|0111111100|0011111000|0001110000|0000110000|0001100000|0001000000| |0000111000|0001111100|0011111100|0111111100|0111111100|0011111000|0001110000|0000110000|0001100000|0001000000|
cad67732_0,|0000111000|0001111100|0011111100|0111111100|0111111100|0011111000|0001110000|0000110000|0001100000|0001000000| |0000111000|0001111100|0011111100|0111111100|0111111100|0011111000|0001110000|0000110000|0001100000|0001000000|
cb227835_0,|0000111000|0001111100|0011111100|0111111100|0111111100|0011111000|0001110000|0000110000|0001100000|0001000000| |0000111000|0001111100|0011111100|0111111100|0111111100|0011111000|0001110000|0000110000|0001100000|0001000000|
ccd554ac_0,|0000111000|0001111100|0011111100|0111111100|0111111100|0011111000|0001110000|0000110000|0001100000|0001000000| |0000111000|0001111100|0011111100|0111111100|0111111100|0011111000|0001110000|0000110000|0001100000|0001000000|
cd3c21df_0,|0000111000|0001111100|0011111100|0111111100|0111111100|0011111000|0001110000|0000110000|0001100000|0001000000| |0000111000|0001111100|0011111100|0111111100|0111111100|0011111000|0001110000|0000110000|0001100000|0001000000|
ce039d91_0,|0000111000|0001111100|0011111100|0111111100|0111111100|0011111000|0001110000|0000110000|0001100000|0001000000| |0000111000|0001111100|0011111100|0111111100|0111111100|0011111000|0001110000|0000110000|0001100000|0001000000|
ce8d95cc_0,|0000111000|0001111100|0011111100|0111111100|0111111100|0011111000|0001110000|0000110000|0001100000|0001000000| |0000111000|0001111100|0011111100|0111111100|0111111100|0011111000|0001110000|0000110000|0001100000|0001000000|
cf133acc_0,|0000111000|0001111100|0011111100|0111111100|0111111100|0011111000|0001110000|0000110000|0001100000|0001000000| |0000111000|0001111100|0011111100|0111111100|0111111100|0011111000|0001110000|0000110000|0001100000|0001000000|
cfb2ce5a_0,|0000111000|0001111100|0011111100|0111111100|0111111100|0011111000|0001110000|0000110000|0001100000|0001000000| |0000111000|0001111100|0011111100|0111111100|0111111100|0011111000|0001110000|0000110000|0001100000|0001000000|
d017b73f_0,|0000111000|0001111100|0011111100|0111111100|0111111100|0011111000|0001110000|0000110000|0001100000|0001000000| |0000111000|0001111100|0011111100|0111111100|0111111100|0011111000|0001110000|0000110000|0001100000|0001000000|
d19f7514_0,|0000111000|0001111100|0011111100|0111111100|0111111100|0011111000|0001110000|0000110000|0001100000|0001000000| |0000111000|0001111100|0011111100|0111111100|0111111100|0011111000|0001110000|0000110000|0001100000|0001000000|
d282b262_0,|0000111000|0001111100|0011111100|0111111100|0111111100|0011111000|0001110000|0000110000|0001100000|0001000000| |0000111000|0001111100|0011111100|0111111100|0111111100|0011111000|0001110000|0000110000|0001100000|0001000000|
d2acf2cb_0,|0000111000|0001111100|0011111100|0111111100|0111111100|0011111000|0001110000|0000110000|0001100000|0001000000| |0000111000|0001111100|0011111100|0111111100|0111111100|0011111000|0001110000|0000110000|0001100000|0001000000|
d304284e_0,|0000111000|0001111100|0011111100|0111111100|0111111100|0011111000|0001110000|0000110000|0001100000|0001000000| |0000111000|0001111100|0011111100|0111111100|0111111100|0011111000|0001110000|0000110000|0001100000|0001000000|
d37a1ef5_0,|0000111000|0001111100|0011111100|0111111100|0111111100|0011111000|0001110000|0000110000|0001100000|0001000000| |0000111000|0001111100|0011111100|0111111100|0111111100|0011111000|0001110000|0000110000|0001100000|0001000000|
d47aa2ff_0,|0000111000|0001111100|0011111100|0111111100|0111111100|0011111000|0001110000|0000110000|0001100000|0001000000| |0000111000|0001111100|0011111100|0111111100|0111111100|0011111000|0001110000|0000110000|0001100000|0001000000|
d492a647_0,|0000111000|0001111100|0011111100|0111111100|0111111100|0011111000|0001110000|0000110000|0001100000|0001000000| |0000111000|0001111100|0011111100|0111111100|0111111100|0011111000|0001110000|0000110000|0001100000|0001000000|
d4b1c2b1_0,|0000111000|0001111100|0011111100|0111111100|0111111100|0011111000|0001110000|0000110000|0001100000|0001000000| |0000111000|0001111100|0011111100|0111111100|0111111100|0011111000|0001110000|0000110000|0001100000|0001000000|
d4c90558_0,|0000111000|0001111100|0011111100|0111111100|0111111100|0011111000|0001110000|0000110000|0001100000|0001000000| |0000111000|0001111100|0011111100|0111111100|0111111100|0011111000|0001110000|0000110000|0001100000|0001000000|
d56f2372_0,|0000111000|0001111100|0011111100|0111111100|0111111100|0011111000|0001110000|0000110000|0001100000|0001000000| |0000111000|0001111100|0011111100|0111111100|0111111100|0011111000|0001110000|0000110000|0001100000|0001000000|
d5c634a2_0,|0000111000|0001111100|0011111100|0111111100|0111111100|0011111000|0001110000|0000110000|0001100000|0001000000| |0000111000|0001111100|0011111100|0111111100|0111111100|0011111000|0001110000|0000110000|0001100000|0001000000|
d5c634a2_1,|0000111000|0001111100|0011111100|0111111100|0111111100|0011111000|0001110000|0000110000|0001100000|0001000000| |0000111000|0001111100|0011111100|0111111100|0111111100|0011111000|0001110000|0000110000|0001100000|0001000000|
d931c21c_0,|0000111000|0001111100|0011111100|0111111100|0111111100|0011111000|0001110000|0000110000|0001100000|0001000000| |0000111000|0001111100|0011111100|0111111100|0111111100|0011111000|0001110000|0000110000|0001100000|0001000000|
d94c3b52_0,|0000111000|0001111100|0011111100|0111111100|0111111100|0011111000|0001110000|0000110000|0001100000|0001000000| |0000111000|0001111100|0011111100|0111111100|0111111100|0011111000|0001110000|0000110000|0001100000|0001000000|
da2b0fe3_0,|0000111000|0001111100|0011111100|0111111100|0111111100|0011111000|0001110000|0000110000|0001100000|0001000000| |0000111000|0001111100|0011111100|0111111100|0111111100|0011111000|0001110000|0000110000|0001100000|0001000000|
da2b0fe3_1,|0000111000|0001111100|0011111100|0111111100|0111111100|0011111000|0001110000|0000110000|0001100000|0001000000| |0000111000|0001111100|0011111100|0111111100|0111111100|0011111000|0001110000|0000110000|0001100000|0001000000|
da515329_0,|0000111000|0001111100|0011111100|0111111100|0111111100|0011111000|0001110000|0000110000|0001100000|0001000000| |0000111000|0001111100|0011111100|0111111100|0111111100|0011111000|0001110000|0000110000|0001100000|0001000000|
dc2aa30b_0,|0000111000|0001111100|0011111100|0111111100|0111111100|0011111000|0001110000|0000110000|0001100000|0001000000| |0000111000|0001111100|0011111100|0111111100|0111111100|0011111000|0001110000|0000110000|0001100000|0001000000|
dc2e9a9d_0,|0000111000|0001111100|0011111100|0111111100|0111111100|0011111000|0001110000|0000110000|0001100000|0001000000| |0000111000|0001111100|0011111100|0111111100|0111111100|0011111000|0001110000|0000110000|0001100000|0001000000|
dd2401ed_0,|0000111000|0001111100|0011111100|0111111100|0111111100|0011111000|0001110000|0000110000|0001100000|0001000000| |0000111000|0001111100|0011111100|0111111100|0111111100|0011111000|0001110000|0000110000|0001100000|0001000000|
de493100_0,|0000111000|0001111100|0011111100|0111111100|0111111100|0011111000|0001110000|0000110000|0001100000|0001000000| |0000111000|0001111100|0011111100|0111111100|0111111100|0011111000|0001110000|0000110000|0001100000|0001000000|
df8cc377_0,|0000111000|0001111100|0011111100|0111111100|0111111100|0011111000|0001110000|0000110000|0001100000|0001000000| |0000111000|0001111100|0011111100|0111111100|0111111100|0011111000|0001110000|0000110000|0001100000|0001000000|
e0fb7511_0,|0000111000|0001111100|0011111100|0111111100|0111111100|0011111000|0001110000|0000110000|0001100000|0001000000| |0000111000|0001111100|0011111100|0111111100|0111111100|0011111000|0001110000|0000110000|0001100000|0001000000|
e133d23d_0,|0000111000|0001111100|0011111100|0111111100|0111111100|0011111000|0001110000|0000110000|0001100000|0001000000| |0000111000|0001111100|0011111100|0111111100|0111111100|0011111000|0001110000|0000110000|0001100000|0001000000|
e1baa8a4_0,|0000111000|0001111100|0011111100|0111111100|0111111100|0011111000|0001110000|0000110000|0001100000|0001000000| |0000111000|0001111100|0011111100|0111111100|0111111100|0011111000|0001110000|0000110000|0001100000|0001000000|
e1d2900e_0,|0000111000|0001111100|0011111100|0111111100|0111111100|0011111000|0001110000|0000110000|0001100000|0001000000| |0000111000|0001111100|0011111100|0111111100|0111111100|0011111000|0001110000|0000110000|0001100000|0001000000|
e2092e0c_0,|0000111000|0001111100|0011111100|0111111100|0111111100|0011111000|0001110000|0000110000|0001100000|0001000000| |0000111000|0001111100|0011111100|0111111100|0111111100|0011111000|0001110000|0000110000|0001100000|0001000000|
e21a174a_0,|0000111000|0001111100|0011111100|0111111100|0111111100|0011111000|0001110000|0000110000|0001100000|0001000000| |0000111000|0001111100|0011111100|0111111100|0111111100|0011111000|0001110000|0000110000|0001100000|0001000000|
e21a174a_1,|0000111000|0001111100|0011111100|0111111100|0111111100|0011111000|0001110000|0000110000|0001100000|0001000000| |0000111000|0001111100|0011111100|0111111100|0111111100|0011111000|0001110000|0000110000|0001100000|0001000000|
e345f17b_0,|0000111000|0001111100|0011111100|0111111100|0111111100|0011111000|0001110000|0000110000|0001100000|0001000000| |0000111000|0001111100|0011111100|0111111100|0111111100|0011111000|0001110000|0000110000|0001100000|0001000000|
e345f17b_1,|0000111000|0001111100|0011111100|0111111100|0111111100|0011111000|0001110000|0000110000|0001100000|0001000000| |0000111000|0001111100|0011111100|0111111100|0111111100|0011111000|0001110000|0000110000|0001100000|0001000000|
e4075551_0,|0000111000|0001111100|0011111100|0111111100|0111111100|0011111000|0001110000|0000110000|0001100000|0001000000| |0000111000|0001111100|0011111100|0111111100|0111111100|0011111000|0001110000|0000110000|0001100000|0001000000|
e41c6fd3_0,|0000111000|0001111100|0011111100|0111111100|0111111100|0011111000|0001110000|0000110000|0001100000|0001000000| |0000111000|0001111100|0011111100|0111111100|0111111100|0011111000|0001110000|0000110000|0001100000|0001000000|
e57337a4_0,|0000111000|0001111100|0011111100|0111111100|0111111100|0011111000|0001110000|0000110000|0001100000|0001000000| |0000111000|0001111100|0011111100|0111111100|0111111100|0011111000|0001110000|0000110000|0001100000|0001000000|
e5790162_0,|0000111000|0001111100|0011111100|0111111100|0111111100|0011111000|0001110000|0000110000|0001100000|0001000000| |0000111000|0001111100|0011111100|0111111100|0111111100|0011111000|0001110000|0000110000|0001100000|0001000000|
e5c44e8f_0,|0000111000|0001111100|0011111100|0111111100|0111111100|0011111000|0001110000|0000110000|0001100000|0001000000| |0000111000|0001111100|0011111100|0111111100|0111111100|0011111000|0001110000|0000110000|0001100000|0001000000|
e619ca6e_0,|0000111000|0001111100|0011111100|0111111100|0111111100|0011111000|0001110000|0000110000|0001100000|0001000000| |0000111000|0001111100|0011111100|0111111100|0111111100|0011111000|0001110000|0000110000|0001100000|0001000000|
e633a9e5_0,|0000111000|0001111100|0011111100|0111111100|0111111100|0011111000|0001110000|0000110000|0001100000|0001000000| |0000111000|0001111100|0011111100|0111111100|0111111100|0011111000|0001110000|0000110000|0001100000|0001000000|
e66aafb8_0,|0000111000|0001111100|0011111100|0111111100|0111111100|0011111000|0001110000|0000110000|0001100000|0001000000| |0000111000|0001111100|0011111100|0111111100|0111111100|0011111000|0001110000|0000110000|0001100000|0001000000|
e681b708_0,|0000111000|0001111100|0011111100|0111111100|0111111100|0011111000|0001110000|0000110000|0001100000|0001000000| |0000111000|0001111100|0011111100|0111111100|0111111100|0011111000|0001110000|0000110000|0001100000|0001000000|
e69241bd_0,|0000111000|0001111100|0011111100|0111111100|0111111100|0011111000|0001110000|0000110000|0001100000|0001000000| |0000111000|0001111100|0011111100|0111111100|0111111100|0011111000|0001110000|0000110000|0001100000|0001000000|
e6de6e8f_0,|0000111000|0001111100|0011111100|0111111100|0111111100|0011111000|0001110000|0000110000|0001100000|0001000000| |0000111000|0001111100|0011111100|0111111100|0111111100|0011111000|0001110000|0000110000|0001100000|0001000000|
e74e1818_0,|0000111000|0001111100|0011111100|0111111100|0111111100|0011111000|0001110000|0000110000|0001100000|0001000000| |0000111000|0001111100|0011111100|0111111100|0111111100|0011111000|0001110000|0000110000|0001100000|0001000000|
e760a62e_0,|0000111000|0001111100|0011111100|0111111100|0111111100|0011111000|0001110000|0000110000|0001100000|0001000000| |0000111000|0001111100|0011111100|0111111100|0111111100|0011111000|0001110000|0000110000|0001100000|0001000000|
e7639916_0,|0000111000|0001111100|0011111100|0111111100|0111111100|0011111000|0001110000|0000110000|0001100000|0001000000| |0000111000|0001111100|0011111100|0111111100|0111111100|0011111000|0001110000|0000110000|0001100000|0001000000|
e78887d1_0,|0000111000|0001111100|0011111100|0111111100|0111111100|0011111000|0001110000|0000110000|0001100000|0001000000| |0000111000|0001111100|0011111100|0111111100|0111111100|0011111000|0001110000|0000110000|0001100000|0001000000|
e7a25a18_0,|0000111000|0001111100|0011111100|0111111100|0111111100|0011111000|0001110000|0000110000|0001100000|0001000000| |0000111000|0001111100|0011111100|0111111100|0111111100|0011111000|0001110000|0000110000|0001100000|0001000000|
e7b06bea_0,|0000111000|0001111100|0011111100|0111111100|0111111100|0011111000|0001110000|0000110000|0001100000|0001000000| |0000111000|0001111100|0011111100|0111111100|0111111100|0011111000|0001110000|0000110000|0001100000|0001000000|
e7dd8335_0,|0000111000|0001111100|0011111100|0111111100|0111111100|0011111000|0001110000|0000110000|0001100000|0001000000| |0000111000|0001111100|0011111100|0111111100|0111111100|0011111000|0001110000|0000110000|0001100000|0001000000|
e872b94a_0,|0000111000|0001111100|0011111100|0111111100|0111111100|0011111000|0001110000|0000110000|0001100000|0001000000| |0000111000|0001111100|0011111100|0111111100|0111111100|0011111000|0001110000|0000110000|0001100000|0001000000|
e88171ec_0,|0000111000|0001111100|0011111100|0111111100|0111111100|0011111000|0001110000|0000110000|0001100000|0001000000| |0000111000|0001111100|0011111100|0111111100|0111111100|0011111000|0001110000|0000110000|0001100000|0001000000|
e95e3d8e_0,|0000111000|0001111100|0011111100|0111111100|0111111100|0011111000|0001110000|0000110000|0001100000|0001000000| |0000111000|0001111100|0011111100|0111111100|0111111100|0011111000|0001110000|0000110000|0001100000|0001000000|
e99362f0_0,|0000111000|0001111100|0011111100|0111111100|0111111100|0011111000|0001110000|0000110000|0001100000|0001000000| |0000111000|0001111100|0011111100|0111111100|0111111100|0011111000|0001110000|0000110000|0001100000|0001000000|
e9ac8c9e_0,|0000111000|0001111100|0011111100|0111111100|0111111100|0011111000|0001110000|0000110000|0001100000|0001000000| |0000111000|0001111100|0011111100|0111111100|0111111100|0011111000|0001110000|0000110000|0001100000|0001000000|
e9b4f6fc_0,|0000111000|0001111100|0011111100|0111111100|0111111100|0011111000|0001110000|0000110000|0001100000|0001000000| |0000111000|0001111100|0011111100|0111111100|0111111100|0011111000|0001110000|0000110000|0001100000|0001000000|
e9bb6954_0,|0000111000|0001111100|0011111100|0111111100|0111111100|0011111000|0001110000|0000110000|0001100000|0001000000| |0000111000|0001111100|0011111100|0111111100|0111111100|0011111000|0001110000|0000110000|0001100000|0001000000|
e9c9d9a1_0,|0000111000|0001111100|0011111100|0111111100|0111111100|0011111000|0001110000|0000110000|0001100000|0001000000| |0000111000|0001111100|0011111100|0111111100|0111111100|0011111000|0001110000|0000110000|0001100000|0001000000|
ea959feb_0,|0000111000|0001111100|0011111100|0111111100|0111111100|0011111000|0001110000|0000110000|0001100000|0001000000| |0000111000|0001111100|0011111100|0111111100|0111111100|0011111000|0001110000|0000110000|0001100000|0001000000|
ea9794b1_0,|0000111000|0001111100|0011111100|0111111100|0111111100|0011111000|0001110000|0000110000|0001100000|0001000000| |0000111000|0001111100|0011111100|0111111100|0111111100|0011111000|0001110000|0000110000|0001100000|0001000000|
ecaa0ec1_0,|0000111000|0001111100|0011111100|0111111100|0111111100|0011111000|0001110000|0000110000|0001100000|0001000000| |0000111000|0001111100|0011111100|0111111100|0111111100|0011111000|0001110000|0000110000|0001100000|0001000000|
ed74f2f2_0,|0000111000|0001111100|0011111100|0111111100|0111111100|0011111000|0001110000|0000110000|0001100000|0001000000| |0000111000|0001111100|0011111100|0111111100|0111111100|0011111000|0001110000|0000110000|0001100000|0001000000|
ed98d772_0,|0000111000|0001111100|0011111100|0111111100|0111111100|0011111000|0001110000|0000110000|0001100000|0001000000| |0000111000|0001111100|0011111100|0111111100|0111111100|0011111000|0001110000|0000110000|0001100000|0001000000|
ef26cbf6_0,|0000111000|0001111100|0011111100|0111111100|0111111100|0011111000|0001110000|0000110000|0001100000|0001000000| |0000111000|0001111100|0011111100|0111111100|0111111100|0011111000|0001110000|0000110000|0001100000|0001000000|
f0afb749_0,|0000111000|0001111100|0011111100|0111111100|0111111100|0011111000|0001110000|0000110000|0001100000|0001000000| |0000111000|0001111100|0011111100|0111111100|0111111100|0011111000|0001110000|0000110000|0001100000|0001000000|
f0df5ff0_0,|0000111000|0001111100|0011111100|0111111100|0111111100|0011111000|0001110000|0000110000|0001100000|0001000000| |0000111000|0001111100|0011111100|0111111100|0111111100|0011111000|0001110000|0000110000|0001100000|0001000000|
f21745ec_0,|0000111000|0001111100|0011111100|0111111100|0111111100|0011111000|0001110000|0000110000|0001100000|0001000000| |0000111000|0001111100|0011111100|0111111100|0111111100|0011111000|0001110000|0000110000|0001100000|0001000000|
f3b10344_0,|0000111000|0001111100|0011111100|0111111100|0111111100|0011111000|0001110000|0000110000|0001100000|0001000000| |0000111000|0001111100|0011111100|0111111100|0111111100|0011111000|0001110000|0000110000|0001100000|0001000000|
f3cdc58f_0,|0000111000|0001111100|0011111100|0111111100|0111111100|0011111000|0001110000|0000110000|0001100000|0001000000| |0000111000|0001111100|0011111100|0111111100|0111111100|0011111000|0001110000|0000110000|0001100000|0001000000|
f3e62deb_0,|0000111000|0001111100|0011111100|0111111100|0111111100|0011111000|0001110000|0000110000|0001100000|0001000000| |0000111000|0001111100|0011111100|0111111100|0111111100|0011111000|0001110000|0000110000|0001100000|0001000000|
f3e62deb_1,|0000111000|0001111100|0011111100|0111111100|0111111100|0011111000|0001110000|0000110000|0001100000|0001000000| |0000111000|0001111100|0011111100|0111111100|0111111100|0011111000|0001110000|0000110000|0001100000|0001000000|
f4081712_0,|0000111000|0001111100|0011111100|0111111100|0111111100|0011111000|0001110000|0000110000|0001100000|0001000000| |0000111000|0001111100|0011111100|0111111100|0111111100|0011111000|0001110000|0000110000|0001100000|0001000000|
f45f5ca7_0,|0000111000|0001111100|0011111100|0111111100|0111111100|0011111000|0001110000|0000110000|0001100000|0001000000| |0000111000|0001111100|0011111100|0111111100|0111111100|0011111000|0001110000|0000110000|0001100000|0001000000|
f5aa3634_0,|0000111000|0001111100|0011111100|0111111100|0111111100|0011111000|0001110000|0000110000|0001100000|0001000000| |0000111000|0001111100|0011111100|0111111100|0111111100|0011111000|0001110000|0000110000|0001100000|0001000000|
f5c89df1_0,|0000111000|0001111100|0011111100|0111111100|0111111100|0011111000|0001110000|0000110000|0001100000|0001000000| |0000111000|0001111100|0011111100|0111111100|0111111100|0011111000|0001110000|0000110000|0001100000|0001000000|
f823c43c_0,|0000111000|0001111100|0011111100|0111111100|0111111100|0011111000|0001110000|0000110000|0001100000|0001000000| |0000111000|0001111100|0011111100|0111111100|0111111100|0011111000|0001110000|0000110000|0001100000|0001000000|
f83cb3f6_0,|0000111000|0001111100|0011111100|0111111100|0111111100|0011111000|0001110000|0000110000|0001100000|0001000000| |0000111000|0001111100|0011111100|0111111100|0111111100|0011111000|0001110000|0000110000|0001100000|0001000000|
f8be4b64_0,|0000111000|0001111100|0011111100|0111111100|0111111100|0011111000|0001110000|0000110000|0001100000|0001000000| |0000111000|0001111100|0011111100|0111111100|0111111100|0011111000|0001110000|0000110000|0001100000|0001000000|
f9a67cb5_0,|0000111000|0001111100|0011111100|0111111100|0111111100|0011111000|0001110000|0000110000|0001100000|0001000000| |0000111000|0001111100|0011111100|0111111100|0111111100|0011111000|0001110000|0000110000|0001100000|0001000000|
f9d67f8b_0,|0000111000|0001111100|0011111100|0111111100|0111111100|0011111000|0001110000|0000110000|0001100000|0001000000| |0000111000|0001111100|0011111100|0111111100|0111111100|0011111000|0001110000|0000110000|0001100000|0001000000|
fafd9572_0,|0000111000|0001111100|0011111100|0111111100|0111111100|0011111000|0001110000|0000110000|0001100000|0001000000| |0000111000|0001111100|0011111100|0111111100|0111111100|0011111000|0001110000|0000110000|0001100000|0001000000|
fb791726_0,|0000111000|0001111100|0011111100|0111111100|0111111100|0011111000|0001110000|0000110000|0001100000|0001000000| |0000111000|0001111100|0011111100|0111111100|0111111100|0011111000|0001110000|0000110000|0001100000|0001000000|
fc754716_0,|0000111000|0001111100|0011111100|0111111100|0111111100|0011111000|0001110000|0000110000|0001100000|0001000000| |0000111000|0001111100|0011111100|0111111100|0111111100|0011111000|0001110000|0000110000|0001100000|0001000000|
fd096ab6_0,|0000111000|0001111100|0011111100|0111111100|0111111100|0011111000|0001110000|0000110000|0001100000|0001000000| |0000111000|0001111100|0011111100|0111111100|0111111100|0011111000|0001110000|0000110000|0001100000|0001000000|
fd4b2b02_0,|0000111000|0001111100|0011111100|0111111100|0111111100|0011111000|0001110000|0000110000|0001100000|0001000000| |0000111000|0001111100|0011111100|0111111100|0111111100|0011111000|0001110000|0000110000|0001100000|0001000000|
fe9372f3_0,|0000111000|0001111100|0011111100|0111111100|0111111100|0011111000|0001110000|0000110000|0001100000|0001000000| |0000111000|0001111100|0011111100|0111111100|0111111100|0011111000|0001110000|0000110000|0001100000|0001000000|
fea12743_0,|0000111000|0001111100|0011111100|0111111100|0111111100|0011111000|0001110000|0000110000|0001100000|0001000000| |0000111000|0001111100|0011111100|0111111100|0111111100|0011111000|0001110000|0000110000|0001100000|0001000000|
ff72ca3e_0,|0000111000|0001111100|0011111100|0111111100|0111111100|0011111000|0001110000|0000110000|0001100000|0001000000| |0000111000|0001111100|0011111100|0111111100|0111111100|0011111000|0001110000|0000110000|0001100000|0001000000|
